ID,Monthly Income,Daily Rate,Hourly Rate,Monthly Rate,Percent Salary Hike,Remote Work,Stock Option Level
1,19537.0,684.0,51.0,6462,13,Yes,0
2,19999.0,699.0,65.0,5678,14,Yes,1
3,19232.0,532.0,58.0,4933,11,Yes,0
4,17169.0,359.0,82.0,26703,19,No,2
5,5705.4,1319.0,45.0,7739,12,No,1
6,17174.0,117.0,58.0,2437,11,Yes,1
7,4033.4,1435.0,99.0,2354,11,Yes,0
8,10505.6,635.0,99.0,24532,25,No,0
9,16595.0,1276.0,91.0,5626,16,Yes,1
10,3982.6,840.0,64.0,3735,17,No,1
11,19973.0,247.0,55.0,20284,22,No,2
12,13402.0,1369.0,68.0,18235,12,No,1
13,13206.0,201.0,99.0,3376,12,Yes,1
14,19545.0,1360.0,49.0,16280,12,No,0
15,4853.0,692.0,61.0,13339,11,Yes,0
16,18041.0,1398.0,79.0,13022,14,No,0
17,19246.0,286.0,31.0,25761,12,No,0
18,7830.0,1402.0,69.0,24097,23,No,0
19,5719.4,819.0,48.0,26312,11,No,0
20,9350.4,884.0,80.0,25800,13,Yes,2
21,10748.0,1238.0,74.0,3395,23,No,1
22,4489.0,515.0,98.0,15146,12,Yes,0
23,6522.0,1223.0,59.0,8202,13,Yes,3
24,16752.0,202.0,33.0,12982,11,No,1
25,6201.0,928.0,56.0,2823,14,Yes,1
26,8778.6,607.0,66.0,23457,20,No,1
27,19845.0,266.0,57.0,25846,15,Yes,1
28,5613.4,429.0,53.0,2323,11,No,0
29,12145.0,589.0,79.0,22949,12,Yes,1
30,4001.0,802.0852348993288,87.0,12313,14,Yes,1
31,10447.0,802.0852348993288,81.0,26458,13,Yes,1
32,7100.2,1180.0,84.0,13084,23,Yes,0
33,8097.4,1282.0,58.0,10735,11,Yes,1
34,9534.0,776.0,32.0,23016,14,No,0
35,4997.4,665.0,41.0,12482,14,Yes,0
36,5613.4,526.0,92.0,2137,25,Yes,3
37,16064.0,1034.0,80.0,7744,22,Yes,1
38,3210.0,1403.0,47.0,20251,11,Yes,1
39,10266.0,1499.0,80.0,2845,19,Yes,0
40,10475.0,580.0,48.0,23772,21,No,1
41,6162.0,859.0,98.0,19124,12,No,1
42,4721.0,263.0,59.0,3119,13,Yes,0
43,8817.4,1376.0,66.0281045751634,13938,13,No,1
44,7183.4,885.0,43.0,8269,16,Yes,0
45,4615.0,1003.0,74.0,21029,23,No,3
46,6640.4,1321.0,86.0,7636,15,Yes,2
47,9350.4,802.0852348993288,30.0,25796,20,Yes,0
48,16959.0,394.0,92.0,19494,12,Yes,2
49,5293.0,1372.0,42.0,15881,12,Yes,0
50,7072.4,802.0852348993288,65.0,24624,11,Yes,0
51,10378.6,1333.0,80.0,16292,13,No,1
52,3030.6,228.0,51.0,11380,12,Yes,1
53,10306.0,737.0,55.0,21530,17,No,0
54,10184.2,823.0,81.0,22539,13,Yes,0
55,4974.4,667.0,57.0,26236,21,Yes,1
56,5406.0,301.0,88.0,10436,24,Yes,1
57,7243.4,573.0,79.0,15717,12,Yes,3
58,8379.6,802.0852348993288,96.0,5549,14,No,0
59,5902.0,1329.0,47.0,14590,14,Yes,1
60,10855.0,630.0,67.0,8552,11,Yes,1
61,5914.0,802.0852348993288,62.0,9945,16,Yes,0
62,6919.0,1063.0,72.0,23866,15,No,2
63,6646.0,1017.0,82.0,19368,13,Yes,0
64,7974.2,1296.0,66.0281045751634,5335,23,No,1
65,13973.0,939.0,66.0281045751634,4161,18,No,1
66,9899.2,1355.0,78.0,22245,14,Yes,0
67,13320.0,1448.0,53.0,11737,18,Yes,1
68,6024.8,200.0,32.0,7744,25,Yes,0
69,8463.6,1202.0,89.0,13888,20,Yes,3
70,6687.0,404.0,98.0,6163,11,Yes,0
71,6222.6,208.0,52.0,12250,12,Yes,1
72,3654.8,813.0,50.0,21981,15,No,3
73,4230.6,465.0,41.0,11652,19,Yes,1
74,4735.0,1189.0,90.0,9867,15,Yes,2
75,9731.0,802.0852348993288,79.0,13637,18,Yes,3
76,8267.2,1001.0,92.0,19271,12,Yes,1
77,5790.6,1394.0,58.0,18115,16,No,1
78,6836.0,161.0,42.0,15471,25,Yes,1
79,11535.6,288.0,99.0,15830,19,Yes,3
80,13872.0,682.0,37.0,24409,13,Yes,0
81,11578.6,1354.0,45.0,5615,12,No,0
82,5924.8,147.0,94.0,3465,12,Yes,1
83,6958.0,119.0,76.0,9647,12,Yes,2
84,7455.2,1413.0,42.0,6599,14,Yes,1
85,19045.0,452.0,81.0,18938,14,Yes,0
86,16015.0,334.0,88.0,15896,19,Yes,0
87,9613.0,1132.0,48.0,10942,17,No,3
88,11510.0,802.0852348993288,92.0,15682,14,Yes,1
89,5715.8,982.0,59.0,4345,11,Yes,1
90,4306.0,480.0,31.0,4156,12,Yes,1
91,17046.0,1099.0,88.0,9314,15,Yes,1
92,3518.0,672.0,78.0,9129,16,No,0
93,5067.0,1379.0,64.0,6759,19,Yes,0
94,7852.8,583.0,57.0,6975,11,Yes,1
95,4336.8,1492.0,61.0,26542,20,Yes,1
96,5351.6,1050.0,65.0,17970,13,No,1
97,3972.6,117.0,60.0,6311,13,No,1
98,3692.0,469.0,46.0,9256,12,No,0
99,9423.4,802.0852348993288,94.0,2493,16,Yes,0
100,19847.0,237.0,83.0,19196,24,No,1
101,2308.0,1440.0,55.0,4944,25,No,1
102,5042.6,1291.0,65.0,3525,24,Yes,1
103,7376.2,1157.0,57.0,11912,14,No,1
104,4232.8,1336.0,100.0,7129,13,Yes,3
105,9205.8,1224.0,91.0,13583,12,No,0
106,5747.0,735.0,86.0,26496,15,No,0
107,10422.0,802.0852348993288,48.0,24032,19,Yes,2
108,3248.6,1389.0,51.0,10195,11,No,1
109,8707.0,638.0,40.0,3142,13,No,1
110,6347.0,1240.0,48.0,13982,19,No,0
111,2348.0,194.0,60.0,10901,18,Yes,1
112,6347.4,1339.0,41.0,8053,12,Yes,1
113,3072.0,111.0,66.0,11012,11,Yes,2
114,8034.8,802.0852348993288,45.0,14074,17,No,0
115,12490.0,1469.0,81.0,15736,16,No,2
116,9010.2,470.0,84.0,23687,13,Yes,1
117,8020.0,1232.0,96.0,5100,15,Yes,2
118,4642.2,1249.0,97.0,20308,18,Yes,1
119,17068.0,117.0,99.0,5355,14,Yes,0
120,8943.0,798.0,48.0,14034,24,No,1
121,19272.0,672.0,54.0,21141,15,Yes,1
122,3161.4,549.0,75.0,9278,14,Yes,2
123,9261.2,570.0,30.0,5431,13,Yes,3
124,5747.4,1232.0,39.0,25713,14,No,0
125,5977.6,541.0,48.0,7246,11,Yes,1
126,6105.6,164.0,61.0,3809,13,Yes,2
127,3429.2,1117.0,83.0,9873,23,Yes,0
128,5300.2,619.0,85.0,18659,11,Yes,0
129,8437.8,319.0,56.0,6950,21,No,1
130,5577.0,956.0,78.0,22087,12,Yes,2
131,6944.2,1245.0,58.0,2125,17,Yes,1
132,2691.0,1397.0,42.0,7660,12,Yes,1
133,8354.0,527.0,63.0,5207,13,No,0
134,10706.0,213.0,49.0,25995,11,Yes,0
135,3595.0,802.0852348993288,72.0,20206,18,Yes,0
136,7403.0,527.0,51.0,22477,11,No,1
137,9914.0,882.0,66.0281045751634,6812,13,No,1
138,8823.0,330.0,65.0,24608,18,No,1
139,6699.8,406.0,66.0281045751634,15596,12,No,1
140,6676.8,217.0,78.0,23238,20,No,0
141,4230.6,481.0,44.0,2447,12,Yes,0
142,8137.4,669.0,97.0,25755,20,Yes,0
143,3579.0,1465.0,63.0,9369,21,Yes,1
144,17779.0,685.0,85.0,23474,14,Yes,0
145,10668.6,1062.0,96.0,17198,19,No,0
146,18213.0,1099.0,88.0,8751,11,Yes,1
147,13577.0,177.0,37.0,25592,15,No,1
148,19190.0,1199.0,92.0,17477,14,No,2
149,5519.0,648.0,56.0,21833,11,Yes,2
150,17123.0,412.0,94.0,17334,13,No,2
151,19187.0,282.0,58.0,6992,14,Yes,1
152,4069.6,770.0,84.0,17588,11,Yes,1
153,10008.0,601.0,53.0,12023,14,Yes,0
154,8863.4,855.0,54.0,18706,11,Yes,0
155,7988.0,332.0,51.0,9769,13,No,0
156,5293.0,1326.0,81.0,15891,18,Yes,0
157,4406.0,748.0,74.0,16458,13,Yes,0
158,6030.8,405.0,93.0,2721,24,Yes,1
159,3828.6,790.0,40.0,7815,23,No,0
160,7143.8,1050.0,87.0,24456,20,Yes,1
161,7083.0,971.0,64.0,12288,14,No,0
162,4723.0,1370.0,87.0,16213,18,Yes,0
163,3407.0,750.0,46.0,25348,17,Yes,2
164,4189.6,880.0,36.0,10414,24,Yes,0
165,2929.0,678.0,35.0,20338,12,Yes,0
166,5261.0,1179.0,73.0,6069,17,No,1
167,5856.2,350.0,52.0,22577,22,Yes,1
168,7058.6,1266.0,63.0,6060,13,No,1
169,8134.8,574.0,30.0,16873,17,Yes,1
170,12925.6,189.0,71.0,25811,18,Yes,1
171,4831.4,802.0852348993288,37.0,14811,12,Yes,0
172,6523.6,692.0,73.0,26849,11,Yes,1
173,5538.4,310.0,72.0,3666,11,Yes,1
174,12031.0,722.0,60.0,8828,11,Yes,1
175,15427.0,1219.0,78.0,22021,16,Yes,0
176,4103.4,994.0,37.0,2975,15,No,0
177,3988.2,721.0,58.0,10781,23,Yes,0
178,5127.6,853.0,71.0,11031,22,Yes,1
179,6162.0,427.0,66.0281045751634,10877,22,Yes,1
180,5126.0,852.0,55.0,15998,12,No,2
181,9619.0,669.0,64.0,13596,16,No,0
182,4326.2,1334.0,63.0,19760,12,No,3
183,5010.0,1093.0,87.0,24301,16,Yes,0
184,4887.6,802.0852348993288,94.0,11439,13,No,2
185,5810.0,967.0,43.0,15589,14,Yes,0
186,2892.2,465.0,56.0,4609,12,Yes,1
187,19033.0,989.0,46.0,6499,14,No,1
188,5965.8,1195.0,65.0,20462,23,Yes,1
189,10400.0,1045.0,32.0,25812,11,No,0
190,4119.2,829.0,88.0,20925,22,Yes,0
191,6856.0,663.0,47.0,10056,14,Yes,3
192,2793.0,319.0,41.0,2539,17,No,1
193,5432.0,1300.0,62.0,24447,17,No,2
194,5674.0,1105.0,47.0,6927,15,Yes,1
195,7024.4,906.0,91.0,16985,14,Yes,1
196,5040.8,849.0,81.0,26707,17,Yes,1
197,6566.0,1275.0,64.0,11934,13,Yes,2
198,19197.0,1218.0,52.0,8213,14,Yes,1
199,3326.6,422.0,41.0,3854,11,Yes,0
200,8412.0,1398.0,69.0,2890,11,Yes,0
201,7046.6,1274.0,66.0281045751634,14394,25,Yes,1
202,3348.0,1076.0,70.0,3164,11,No,0
203,4288.4,1207.0,74.0,3297,11,Yes,3
204,5309.0,430.0,80.0,21146,15,Yes,2
205,4110.0,933.0,98.0,11806,13,Yes,1
206,7654.0,1184.0,43.0,5860,18,No,2
207,12808.0,802.0852348993288,42.0,8842,16,Yes,1
208,6238.4,586.0,48.0,21816,22,Yes,1
209,5495.4,890.0,81.0,19028,22,No,0
210,7728.0,379.0,48.0,8891,14,Yes,1
211,6586.0,1425.0,68.0,4821,17,No,1
212,7143.8,1188.0,45.0,24406,13,No,1
213,2519.0,938.0,79.0,12287,21,Yes,0
214,17099.0,1053.0,70.0,13829,15,Yes,1
215,8607.4,722.0,38.0,20489,11,No,0
216,6017.6,248.0,42.0,14039,15,Yes,1
217,7237.2,796.0,51.0,15669,11,Yes,0
218,13120.0,174.0,56.0,11879,17,No,1
219,3821.4,408.0,45.0,11162,13,Yes,1
220,3131.0,802.0852348993288,54.0,26342,13,No,1
221,4269.4,977.0,56.0,9961,13,Yes,1
222,8027.2,536.0,82.0,21708,14,Yes,2
223,4444.0,135.0,46.0,22534,13,Yes,2
224,6674.0,1476.0,55.0,16392,11,Yes,3
225,9852.0,587.0,57.0,8935,19,Yes,1
226,17861.0,495.0,66.0281045751634,26582,13,No,0
227,6990.8,523.0,98.0,22455,13,Yes,0
228,9290.8,507.0,66.0,23553,12,Yes,0
229,7070.0,1055.0,76.0,22456,21,No,1
230,7446.0,1445.0,100.0,8931,11,Yes,0
231,13757.0,218.0,55.0,25178,11,Yes,1
232,16598.0,447.0,39.0,19764,12,Yes,0
233,4047.8,829.0,71.0,11929,14,Yes,2
234,9113.2,1029.0,91.0,21195,19,Yes,0
235,4285.0,674.0,47.0,3031,17,Yes,0
236,10124.0,802.0852348993288,40.0,18611,14,Yes,1
237,9825.0,538.0,66.0,20933,12,Yes,3
238,9714.0,740.0,64.0,5323,11,Yes,1
239,9924.0,1245.0,80.0,12355,11,Yes,1
240,11245.0,1234.0,41.0,20689,15,No,1
241,3069.0,170.0,76.0,10302,15,Yes,1
242,6917.8,1130.0,66.0,19332,12,Yes,1
243,5499.2,584.0,91.0,18685,25,Yes,1
244,9241.0,918.0,35.0,15869,12,No,0
245,6472.0,792.0,77.0,8989,15,Yes,1
246,5346.8,611.0,88.0,4349,14,No,0
247,3055.0,802.0852348993288,90.0,6194,15,Yes,2
248,8321.0,1383.0,90.0,25949,13,No,1
249,3143.0,867.0,90.0,6076,19,Yes,1
250,3654.8,802.0852348993288,92.0,22128,21,No,2
251,7852.8,574.0,40.0,7003,13,No,0
252,8578.0,706.0,82.0,19989,14,Yes,1
253,6000.2,728.0,36.0,7018,21,No,1
254,4197.0,311.0,89.0,18624,11,No,1
255,4253.4,556.0,93.0,23888,13,Yes,2
256,9888.0,937.0,32.0,6770,21,No,0
257,8813.2,1125.0,48.0,5771,21,Yes,0
258,9205.8,1224.0,55.0,13586,11,No,0
259,13341.0,119.0,77.0,25098,12,No,0
260,5677.0,444.0,92.0,4258,14,Yes,1
261,6300.8,911.0,76.0,4077,13,No,0
262,6505.0,802.0852348993288,98.0,17231,18,Yes,2
263,7616.0,585.0,66.0281045751634,19788,15,Yes,2
264,4734.8,802.0852348993288,61.0,24907,23,Yes,1
265,2909.0,1392.0,56.0,23159,11,Yes,0
266,4035.2,1005.0,79.0,11864,13,Yes,0
267,9526.0,802.0852348993288,44.0,8787,21,Yes,0
268,8130.8,1299.0,94.0,16577,13,Yes,2
269,6825.0,802.0852348993288,48.0,21173,11,No,1
270,5261.4,655.0,48.0,9528,22,No,1
271,4424.0,746.0,61.0,20682,23,No,0
272,5441.0,632.0,71.0,8423,22,Yes,0
273,6074.0,658.0,66.0,22887,24,Yes,0
274,5397.0,1467.0,92.0,22952,14,No,1
275,9710.8,1312.0,96.0,22310,25,No,3
276,6146.0,750.0,95.0,15480,13,Yes,1
277,6172.0,249.0,76.0,20739,18,No,0
278,8389.8,802.0,96.0,21196,13,No,1
279,6375.8,1355.0,61.0,8916,23,Yes,1
280,4668.0,689.0,35.0,22812,17,Yes,3
281,5605.0,1395.0,54.0,8504,11,No,1
282,9392.2,1436.0,34.0,16047,20,Yes,1
283,4319.0,1496.0,41.0,26283,13,No,1
284,4844.2,1480.0,30.0,15062,12,Yes,0
285,6533.2,802.0852348993288,66.0281045751634,4673,13,Yes,1
286,8584.8,313.0,98.0,7192,18,No,0
287,4047.8,894.0,99.0,11781,16,No,0
288,3564.0,290.0,65.0,22977,12,Yes,1
289,6261.0,1084.0,54.0,4185,18,Yes,1
290,6804.0,1002.0,92.0,23793,15,No,2
291,7755.8,1242.0,90.0,12916,14,No,0
292,8299.4,1052.0,57.0,16840,12,Yes,0
293,6756.2,944.0,92.0,9096,14,Yes,0
294,5752.0,465.0,39.0,21509,20,Yes,0
295,7050.2,771.0,79.0,21030,18,Yes,0
296,19436.0,1416.0,49.0,5949,19,Yes,1
297,4016.2,1327.0,39.0,19682,18,Yes,1
298,5074.8,488.0,75.0,14977,12,No,1
299,4441.6,1385.0,79.0,7501,14,Yes,0
300,6378.0,666.0,88.0,10268,12,Yes,1
301,5091.6,1315.0,71.0,19100,18,No,1
302,10169.6,442.0,44.0,20260,18,Yes,0
303,11133.6,147.0,37.0,15972,19,Yes,1
304,5828.0,950.0,48.0,8450,12,Yes,0
305,6222.6,218.0,100.0,12241,11,Yes,1
306,2455.0,802.0852348993288,33.0,10675,19,Yes,0
307,5483.8,691.0,73.0,7143,12,Yes,3
308,5055.0,1018.0,74.0,10557,16,Yes,0
309,4682.0,802.0852348993288,46.0,4317,14,No,0
310,5257.0,559.0,82.0,6227,11,No,1
311,2119.0,318.0,77.0,4759,11,No,0
312,5083.2,1130.0,56.0,3415,18,No,1
313,4572.8,144.0,39.0,11866,14,No,2
314,5974.0,1319.0,51.0,17001,13,No,2
315,3443.4,933.0,57.0,20156,17,Yes,1
316,7190.6,1171.0,46.0,22495,13,Yes,1
317,5087.0,143.0,56.0,9558,18,No,0
318,4844.2,1178.0,87.0,14862,11,Yes,1
319,3034.0,1107.0,95.0,26914,12,No,1
320,13212.0,906.0,86.0,18256,11,Yes,3
321,8392.0,645.0,49.0,19566,16,Yes,1
322,5112.4,1485.0,87.0,26314,14,No,1
323,4233.4,1116.0,49.0,7181,14,No,0
324,6440.0,1276.0,72.0,14295,12,No,0
325,4051.0,163.0,37.0,19658,14,Yes,1
326,4805.0,561.0,61.0,16177,19,Yes,1
327,2741.0,426.0,58.0,22808,11,Yes,1
328,5613.4,509.0,62.0,2112,17,Yes,0
329,5337.0,258.0,74.0,19921,12,Yes,0
330,4355.8,525.0,66.0,6219,22,Yes,2
331,6003.6,802.0852348993288,72.0,19627,13,No,1
332,2960.0,238.0,34.0,7507,20,No,0
333,9434.0,482.0,36.0,9606,15,Yes,1
334,4626.6,397.0,88.0,6729,15,Yes,1
335,5667.2,243.0,46.0,7791,20,Yes,0
336,5355.0,806.0,76.0,18959,18,Yes,1
337,8416.0,1442.0,46.0,17654,14,No,0
338,10586.2,408.0,80.0,20978,11,No,0
339,5396.0,929.0,55.0,21703,12,Yes,0
340,9253.0,827.0,33.0,19383,13,Yes,0
341,2929.4,802.0852348993288,66.0281045751634,6009,11,No,0
342,11159.0,1018.0,39.0,19373,15,No,0
343,4960.0,703.0,42.0,11825,12,No,0
344,8793.0,294.0,32.0,4809,21,Yes,2
345,19189.0,314.0,59.0,19562,12,No,1
346,2216.0,654.0,67.0,3872,13,Yes,0
347,11713.0,427.0,63.0,20335,14,No,1
348,5304.0,501.0,99.0,25275,23,Yes,1
349,11103.0,802.0852348993288,81.0,20420,11,No,0
350,6632.0,954.0,46.0,12388,13,Yes,0
351,7587.0,1434.0,76.0,14229,15,No,0
352,4335.0,657.0,66.0,25549,12,Yes,1
353,5980.0,240.0,75.0,26085,12,Yes,0
354,4244.0,791.0,38.0,9931,24,Yes,1
355,4272.0,570.0,66.0,16225,13,Yes,1
356,5228.0,676.0,35.0,23361,15,No,1
357,2700.0,802.0852348993288,81.0,23779,24,Yes,1
358,4375.6,436.0,37.0,21519,16,No,0
359,3982.6,760.0,81.0,3698,20,Yes,0
360,2366.0,802.0852348993288,88.0,20898,14,Yes,1
361,3556.4,661.0,61.0,7508,13,Yes,0
362,5375.2,1085.0,57.0,17725,13,Yes,1
363,2329.0,154.0,41.0,11737,15,No,0
364,4294.0,1283.0,52.0,11148,12,Yes,0
365,6428.2,616.0,41.0,17369,11,No,2
366,6725.0,498.0,93.0,13554,12,No,1
367,10325.0,530.0,51.0,5518,11,No,1
368,4447.0,805.0,57.0,23163,12,Yes,0
369,9123.6,903.0,41.0,2560,18,No,0
370,6292.4,1229.0,84.0,25952,13,Yes,2
371,10845.0,566.0,66.0281045751634,24208,13,No,1
372,8817.4,1441.0,56.0,13943,11,Yes,1
373,4676.2,153.0,73.0,17802,12,Yes,3
374,5472.0,1066.0,32.0,3334,12,No,0
375,6385.0,135.0,62.0,12992,14,Yes,2
376,6347.0,145.0,95.0,24920,12,Yes,1
377,6897.4,1109.0,69.0,11135,12,Yes,0
378,7525.0,124.0,38.0,23537,12,Yes,1
379,4328.8,300.0,74.0,22217,14,No,1
380,6699.8,444.0,40.0,17323,15,Yes,0
381,3939.0,1366.0,72.0,12355,12,No,0
382,3660.0,857.0,59.0,7909,13,Yes,0
383,3669.8,1204.0,86.0,10333,22,Yes,0
384,4318.8,827.0,54.0,3129,22,Yes,0
385,5931.6,1219.0,32.0,4605,15,Yes,1
386,8740.0,770.0,66.0281045751634,5569,14,Yes,2
387,5570.0,950.0,93.0,8039,17,Yes,3
388,3982.0,1082.0,83.0,11535,11,No,1
389,5641.8,203.0,84.0,13547,11,No,3
390,8416.0,1308.0,44.0,17544,14,Yes,0
391,3658.6,718.0,79.0,17689,15,Yes,1
392,13499.0,593.0,88.0,13782,17,No,0
393,4201.0,1384.0,82.0,13421,22,Yes,1
394,6280.8,819.0,44.0,19588,18,Yes,1
395,8196.6,1223.0,50.0,18640,18,No,1
396,7405.6,1361.0,94.0,21026,15,Yes,3
397,4874.0,1146.0,66.0281045751634,4905,12,Yes,1
398,7588.0,802.0852348993288,60.0,6865,14,Yes,1
399,3491.0,853.0,49.0,11309,13,Yes,3
400,5220.0,802.0852348993288,52.0,10893,18,Yes,1
401,6944.2,1316.0,38.0,2338,14,No,0
402,10252.0,363.0,66.0281045751634,4235,21,Yes,1
403,7485.0,1103.0,42.0,14377,14,Yes,2
404,19740.0,920.0,96.0,18625,14,Yes,1
405,5611.0,694.0,66.0281045751634,3423,14,Yes,2
406,4392.6,1429.0,67.0,20002,12,No,0
407,6760.8,531.0,56.0,20364,14,Yes,0
408,8151.0,621.0,73.0,14075,11,Yes,1
409,6439.6,806.0,39.0,17285,13,Yes,2
410,6209.0,604.0,56.0,11693,15,No,2
411,7094.0,325.0,63.0,5747,12,Yes,0
412,7969.6,1030.0,64.0,21534,19,Yes,0
413,4534.0,524.0,32.0,13352,11,Yes,0
414,8500.0,943.0,86.0,5494,11,Yes,1
415,8267.2,1009.0,31.0,19461,15,Yes,1
416,4639.0,607.0,83.0,2261,16,Yes,1
417,5363.0,817.0,60.0,10846,12,No,1
418,4172.6,802.0852348993288,85.0,9277,17,Yes,0
419,3725.4,802.0852348993288,86.0,17491,13,No,2
420,4081.0,930.0,73.0,20003,14,No,0
421,7326.4,1147.0,31.0,16616,14,No,1
422,3578.0,652.0,100.0,23577,12,Yes,0
423,3834.0,337.0,84.0,22930,12,Yes,0
424,17328.0,971.0,54.0,5652,19,No,0
425,4816.2,1136.0,81.0,12414,13,Yes,2
426,8169.6,663.0,81.0,23099,11,Yes,2
427,10793.0,326.0,31.0,8386,18,Yes,1
428,12115.6,377.0,52.0,15986,11,Yes,1
429,10851.0,1038.0,95.0,19863,18,No,1
430,10466.0,1490.0,35.0,20948,14,No,2
431,6919.0,1246.0,77.0,23757,14,Yes,2
432,2362.0,224.0,100.0,7568,13,Yes,0
433,5355.2,441.0,39.0,7288,13,Yes,1
434,6391.2,898.0,38.0,17381,21,Yes,0
435,6439.0,802.0852348993288,96.0,13693,14,Yes,1
436,5231.2,607.0,78.0,14618,16,Yes,1
437,5042.6,1313.0,31.0,3549,14,No,1
438,5769.0,1015.0,50.0,23447,14,No,0
439,4385.0,802.0852348993288,52.0,24162,15,No,1
440,4836.2,426.0,42.0,17000,13,Yes,1
441,4035.4,1387.0,76.0,3835,13,No,3
442,4066.0,1302.0,66.0281045751634,16290,11,Yes,2
443,7974.2,1329.0,59.0,5388,19,Yes,2
444,3094.0,602.0,37.0,10503,11,Yes,0
445,5206.0,772.0,77.0,4973,17,No,2
446,7490.8,809.0,36.0,22384,14,Yes,0
447,2655.0,802.0852348993288,95.0,11740,11,No,2
448,2570.0,786.0,76.0,11925,20,Yes,0
449,4831.4,921.0,96.0,14810,19,Yes,1
450,4502.0,530.0,51.0,7439,15,Yes,0
451,5909.4,717.0,34.0,9697,14,Yes,0
452,4443.6,1370.0,49.0,5151,16,Yes,1
453,4968.0,1312.0,78.0,26427,16,No,0
454,4112.2,979.0,94.0,3088,11,Yes,1
455,5147.0,1283.0,62.0,10697,15,Yes,0
456,2718.0,953.0,65.0,17674,14,Yes,0
457,3539.0,244.0,97.0,5033,13,No,0
458,5468.0,196.0,91.0,13402,14,Yes,2
459,5813.0,303.0,84.0,13492,18,No,0
460,7143.8,1180.0,90.0,24442,14,No,1
461,9667.0,1092.0,64.0,2739,14,No,0
462,3209.0,261.0,66.0,10842,22,No,1
463,5154.0,589.0,67.0,19665,22,No,2
464,5675.0,1422.0,92.0,19246,20,No,1
465,7314.0,802.0852348993288,64.0,14011,21,Yes,3
466,4802.4,1137.0,98.0,18991,11,Yes,1
467,8808.0,511.0,89.0,26997,14,No,0
468,4844.2,1396.0,83.0,14842,13,Yes,1
469,3626.0,1096.0,61.0,7102,18,Yes,1
470,7749.8,802.0852348993288,42.0,19255,12,Yes,1
471,6944.2,1169.0,64.0,2125,18,No,1
472,5397.0,1239.0,39.0,22914,18,Yes,1
473,5575.6,157.0,95.0,20006,13,Yes,0
474,6336.6,954.0,44.0,5099,14,No,0
475,7050.2,754.0,63.0,21075,11,Yes,0
476,5790.6,1303.0,66.0281045751634,18079,20,Yes,3
477,6523.6,697.0,40.0,26862,20,Yes,1
478,5098.0,1395.0,48.0,18698,19,Yes,0
479,5873.2,501.0,95.0,21653,13,Yes,1
480,6003.4,116.0,52.0,5340,13,No,0
481,9928.4,557.0,94.0,12695,19,Yes,2
482,13570.0,582.0,60.0,5640,23,Yes,1
483,6712.0,704.0,95.0,8978,21,No,2
484,3382.6,802.0852348993288,100.0,5982,11,Yes,1
485,9991.0,613.0,42.0,21457,15,Yes,1
486,6456.4,419.0,53.0,21293,11,No,0
487,10248.0,477.0,42.0,2094,14,Yes,1
488,5965.8,1211.0,98.0,20445,21,Yes,0
489,4381.8,857.0,91.0,12888,13,No,1
490,10938.0,505.0,64.0,6420,25,No,0
491,2593.0,269.0,56.0,8007,11,Yes,1
492,11878.0,553.0,74.0,23364,11,Yes,2
493,8095.0,1296.0,62.0,18264,13,Yes,0
494,4930.4,1277.0,56.0,24619,12,Yes,0
495,10169.6,302.0,75.0,20364,15,No,0
496,10062.2,427.0,73.0,8861,15,No,3
497,4675.0,975.0,55.0,23398,19,No,0
498,16856.0,621.0,31.0,10084,11,Yes,0
499,11157.0,1318.0,66.0,5594,14,No,1
500,4537.0,249.0,35.0,17783,22,Yes,1
501,17924.0,881.0,98.0,4544,11,No,1
502,4014.0,1137.0,51.0,19170,25,Yes,1
503,12742.0,466.0,65.0,7060,16,Yes,1
504,6336.6,945.0,82.0,5083,13,No,0
505,3376.0,509.0,43.0,18863,13,No,0
506,10482.0,1376.0,91.0,2326,14,Yes,1
507,5496.8,469.0,35.0,14399,17,No,1
508,3859.6,994.0,87.0,15322,19,Yes,0
509,4580.6,433.0,37.0,6004,13,Yes,1
510,6614.6,991.0,44.0,22957,12,Yes,0
511,4249.0,482.0,87.0,2690,11,No,0
512,6549.0,1083.0,96.0,3173,14,Yes,2
513,4143.2,136.0,32.0,22074,13,Yes,1
514,14411.0,333.0,88.0,24450,13,No,0
515,19586.0,685.0,60.0,23037,21,Yes,1
516,8237.0,1462.0,38.0,4658,11,Yes,1
517,3211.0,722.0,84.0,22102,14,Yes,1
518,16704.0,802.0852348993288,48.0,17119,11,No,0
519,11157.0,1277.0,74.0,5596,12,No,1
520,4774.0,1131.0,77.0,23844,19,No,1
521,6902.6,300.0,56.0,17312,11,Yes,0
522,6113.0,1023.0,63.0,13243,14,Yes,0
523,9998.8,153.0,49.0,12682,12,Yes,0
524,4568.0,1065.0,72.0,10034,20,No,0
525,5993.0,1115.0,51.0,2689,18,No,1
526,6499.0,1195.0,95.0,22656,13,Yes,0
527,3452.0,1316.0,83.0,9752,13,Yes,0
528,9428.0,665.0,60.0,22673,19,No,0
529,6397.0,1479.0,84.0,26767,20,No,1
530,8115.6,304.0,92.0,20750,16,Yes,0
531,3950.2,1368.0,66.0281045751634,4386,11,Yes,3
532,7183.4,828.0,77.0,8346,13,Yes,0
533,5393.6,799.0,59.0,23848,17,Yes,0
534,7892.8,142.0,69.0,24666,13,No,1
535,9579.6,446.0,65.0,15701,12,No,1
536,2725.0,691.0,89.0,21630,11,Yes,2
537,6426.2,1246.0,99.0,7999,11,No,1
538,3622.0,254.0,83.0,22794,13,Yes,1
539,5798.2,1410.0,71.0,16673,20,No,2
540,6180.0,883.0,32.0,22807,23,No,0
541,6274.0,304.0,60.0,18686,22,Yes,0
542,4381.0,121.0,86.0,7530,11,Yes,0
543,6947.2,950.0,59.0,18869,21,No,0
544,2559.0,1343.0,53.0,17852,11,No,0
545,5488.0,827.0,84.0,20161,13,Yes,1
546,2514.0,1107.0,93.0,26968,22,No,1
547,3784.0,490.0,61.0,17940,14,Yes,2
548,11271.8,1400.0,70.0,5829,20,No,0
549,3196.0,1179.0,78.0,12449,12,No,3
550,4679.6,1117.0,72.0,19982,13,No,1
551,7572.6,1332.0,80.0,17089,12,No,0
552,6675.8,583.0,53.0,9973,20,No,0
553,3420.0,465.0,74.0,10205,12,Yes,1
554,4778.8,1413.0,84.0,25470,14,No,0
555,4087.0,1200.0,66.0281045751634,25174,14,Yes,1
556,2583.0,977.0,45.0,25518,13,Yes,2
557,5368.0,530.0,36.0,16130,25,No,1
558,12936.0,1093.0,82.0,24164,11,Yes,0
559,6687.6,1102.0,94.0,19479,11,No,0
560,4406.0,809.0,84.0,16479,13,No,1
561,4976.6,1328.0,76.0,4956,23,No,1
562,3338.2,548.0,66.0,7346,17,Yes,2
563,5112.8,1214.0,30.0,26278,18,No,0
564,6561.0,802.0852348993288,66.0281045751634,21698,11,Yes,0
565,4221.0,120.0,43.0,8863,15,Yes,0
566,9337.2,240.0,46.0,26959,11,Yes,0
567,4963.0,441.0,72.0,4510,18,Yes,3
568,5209.8,841.0,46.0,23300,19,No,0
569,4200.0,1033.0,41.0,10224,22,No,0
570,7936.2,802.0852348993288,75.0,23910,14,Yes,0
571,7572.6,1452.0,53.0,17053,15,No,0
572,8339.8,120.0,43.0,12430,20,No,0
573,5006.0,1268.0,30.0,6319,11,No,1
574,7779.0,802.0852348993288,37.0,5228,14,Yes,3
575,7639.0,121.0,35.0,24525,22,Yes,3
576,7106.2,802.0852348993288,90.0,4381,12,Yes,1
577,3654.8,813.0,58.0,22149,13,No,1
578,2928.4,307.0,71.0,11652,11,Yes,0
579,6502.0,228.0,66.0281045751634,22825,14,Yes,1
580,10620.8,797.0,96.0,15815,14,No,2
581,13525.0,555.0,77.0,14864,14,Yes,1
582,6445.4,1377.0,74.0,5242,11,Yes,0
583,6349.0,210.0,73.0,22107,13,Yes,1
584,7837.8,483.0,66.0281045751634,10110,15,Yes,0
585,5844.6,921.0,98.0,17663,20,Yes,1
586,6380.0,575.0,68.0,6110,12,Yes,2
587,4484.8,1311.0,97.0,23258,13,No,0
588,3102.0,575.0,73.0,6582,22,Yes,0
589,8102.0,759.0,46.0,22553,12,Yes,2
590,5171.2,891.0,99.0,12090,11,No,0
591,6687.6,1082.0,83.0,19558,11,Yes,0
592,12687.8,319.0,66.0281045751634,19609,14,No,0
593,4556.0,532.0,92.0,12932,11,No,1
594,7892.8,317.0,43.0,24793,20,Yes,0
595,4230.0,144.0,46.0,19225,15,No,0
596,3975.0,688.0,44.0,25291,21,Yes,1
597,4859.0,195.0,80.0,6698,16,Yes,0
598,5191.8,622.0,40.0,26376,11,Yes,0
599,6322.0,646.0,92.0,18089,12,No,1
600,6378.0,719.0,77.0,10339,12,No,0
601,6195.4,1012.0,66.0281045751634,2373,12,Yes,1
602,10761.0,930.0,74.0,19239,12,No,1
603,6662.4,1278.0,77.0,8635,21,Yes,0
604,4844.2,1222.0,48.0,14871,19,Yes,1
605,2973.0,1231.0,54.0,21222,15,No,1
606,5204.0,1383.0,42.0,7790,11,No,2
607,5465.6,462.0,68.0,7824,17,Yes,0
608,9074.6,231.0,62.0,9977,11,No,1
609,17399.0,802.0852348993288,66.0,6615,22,Yes,1
610,6150.0,1089.0,66.0,11038,14,Yes,1
611,4248.8,1082.0,41.0,8392,11,Yes,1
612,7469.8,1240.0,63.0,12154,19,No,1
613,16885.0,1262.0,35.0,16154,22,Yes,0
614,13485.0,439.0,70.0,8770,15,No,0
615,4323.0,528.0,100.0,7108,17,Yes,0
616,5155.0,647.0,45.0,2253,13,No,0
617,2936.0,1097.0,96.0,10826,11,No,0
618,3106.8,942.0,69.0,26933,18,No,1
619,7241.2,147.0,99.0,8429,13,Yes,1
620,5536.0,966.0,53.0,9659,17,No,1
621,18789.0,168.0,33.0,9946,14,Yes,1
622,4381.8,802.0852348993288,72.0,12858,18,Yes,0
623,4883.0,1089.0,79.0,22845,18,Yes,1
624,6902.6,299.0,57.0,17235,12,Yes,0
625,2029.0,999.0,92.0,15891,20,Yes,3
626,5125.2,1498.0,44.0,3567,12,No,2
627,2996.0,1439.0,54.0,5182,15,No,0
628,6917.8,1111.0,61.0,19293,13,Yes,0
629,5113.8,1485.0,71.0,3449,21,No,1
630,6902.6,258.0,54.0,17363,13,Yes,0
631,9278.0,1174.0,99.0,20763,16,Yes,0
632,3461.6,172.0,66.0281045751634,22604,16,Yes,0
633,4162.0,802.0852348993288,42.0,15211,12,Yes,2
634,3340.4,401.0,86.0,3708,17,No,1
635,8641.6,866.0,66.0281045751634,23490,18,Yes,0
636,7178.6,1099.0,82.0,8192,11,Yes,0
637,6293.4,571.0,66.0281045751634,24200,17,Yes,1
638,5519.0,676.0,86.0,21831,14,No,0
639,6948.8,950.0,97.0,4585,20,Yes,1
640,3640.2,1342.0,47.0,19345,12,Yes,0
641,8853.0,995.0,87.0,24483,19,Yes,1
642,3058.6,118.0,84.0,11262,15,Yes,1
643,4876.0,990.0,87.0,5855,12,No,1
644,2141.0,241.0,48.0,5348,12,Yes,1
645,7756.0,802.0852348993288,54.0,14199,19,Yes,1
646,3936.0,1470.0,71.0,9953,11,No,1
647,6420.4,492.0,66.0,7693,21,Yes,0
648,6842.0,1040.0,79.0,26308,20,Yes,1
649,3989.0,1320.0,93.0,20586,11,Yes,0
650,4930.0,146.0,79.0,13970,14,Yes,0
651,8265.6,163.0,30.0,6670,20,Yes,0
652,3702.0,1153.0,40.0,16376,11,Yes,1
653,2705.0,185.0,91.0,9696,16,Yes,1
654,4448.0,750.0,47.0,10748,12,Yes,1
655,2379.0,1297.0,66.0281045751634,19826,14,Yes,0
656,9337.2,337.0,54.0,26841,21,Yes,1
657,5487.0,217.0,43.0,10410,14,No,0
658,10533.2,1064.0,42.0,13738,15,No,0
659,2810.0,1351.0,66.0,9238,22,Yes,0
660,8938.0,930.0,57.0,12227,11,No,1
661,6363.8,468.0,73.0,8489,14,Yes,0
662,9936.0,802.0852348993288,74.0,3787,19,Yes,0
663,4232.8,1218.0,82.0,6986,23,No,0
664,9678.6,1273.0,72.0,21923,12,No,2
665,4137.0,1141.0,42.0,3193,19,No,2
666,5454.0,1488.0,75.0,4009,21,No,1
667,8300.8,653.0,50.0,5456,11,Yes,0
668,18740.0,989.0,43.0,16701,12,No,1
669,5473.0,1225.0,57.0,24668,11,No,0
670,13503.0,530.0,78.0,14115,22,No,1
671,13549.0,1217.0,60.0,24001,12,No,1
672,18172.0,802.0852348993288,73.0,9755,19,Yes,0
673,4906.0,142.0,66.0281045751634,13871,12,Yes,0
674,2774.0,1127.0,52.0,13257,12,Yes,1
675,8247.4,1189.0,87.0,14506,12,Yes,0
676,6793.6,1427.0,35.0,11162,13,Yes,0
677,3058.6,303.0,75.0,11314,18,No,1
678,9439.0,334.0,83.0,23402,16,Yes,1
679,7368.4,702.0,66.0281045751634,12930,22,No,0
680,6561.0,802.0852348993288,70.0,21728,22,Yes,0
681,5265.0,926.0,36.0,16439,16,No,1
682,3815.0,878.0,43.0,5972,17,Yes,1
683,4368.4,334.0,52.0,22967,15,Yes,0
684,2389.0,896.0,86.0,14961,13,Yes,0
685,7405.6,1401.0,56.0,20990,11,No,1
686,4000.0,675.0,85.0,18384,12,Yes,2
687,17584.0,1070.0,45.0,21016,16,Yes,3
688,6167.8,496.0,60.0,22722,13,Yes,1
689,6255.8,1117.0,66.0,4488,21,Yes,0
690,5661.0,1476.0,68.0,4824,19,Yes,0
691,4836.2,390.0,32.0,17056,13,Yes,1
692,10329.2,1220.0,85.0,20938,12,Yes,0
693,4869.0,928.0,31.0,16885,12,No,0
694,6252.2,1124.0,57.0,13273,22,Yes,3
695,4649.0,746.0,61.0,16928,14,Yes,1
696,10496.0,1046.0,100.0,2755,15,No,0
697,9929.6,1448.0,62.0,21972,16,Yes,0
698,7696.6,1400.0,53.0,16734,15,No,1
699,2768.0,1303.0,62.0,8416,12,Yes,1
700,3408.0,587.0,38.0,6705,13,No,3
701,5924.2,635.0,32.0,15318,14,Yes,0
702,5641.8,267.0,66.0281045751634,13430,14,Yes,0
703,3755.0,443.0,48.0,17872,11,Yes,1
704,4018.0,703.0,66.0,7428,20,Yes,2
705,6353.0,1287.0,55.0,14168,16,Yes,1
706,2187.0,798.0,66.0,5013,12,Yes,2
707,10378.6,1420.0,85.0,16346,11,Yes,1
708,8778.6,562.0,50.0,23452,14,No,1
709,5346.8,650.0,37.0,4344,14,Yes,1
710,10131.4,141.0,44.0,18767,15,No,1
711,4258.0,715.0,41.0,26589,18,Yes,1
712,5326.0,802.0852348993288,66.0281045751634,3064,17,Yes,0
713,5485.0,376.0,66.0281045751634,22670,11,Yes,2
714,2782.0,571.0,82.0,19905,13,No,2
715,17639.0,691.0,64.0,6881,16,No,0
716,6062.0,932.0,43.0,4051,13,No,1
717,6288.0,471.0,45.0,4284,15,No,1
718,3424.0,180.0,65.0,21632,13,No,0
719,4846.2,638.0,91.0,22162,12,Yes,1
720,4194.0,141.0,98.0,14363,18,Yes,0
721,6919.0,1265.0,95.0,23726,13,Yes,1
722,7190.6,1075.0,57.0,22650,11,No,1
723,2532.0,1086.0,62.0,6054,14,No,3
724,5666.0,152.0,85.0,19899,13,Yes,0
725,5866.6,974.0,91.0,11005,14,No,2
726,4549.0,853.0,66.0281045751634,11275,12,No,1
727,10094.6,217.0,94.0,6881,15,Yes,1
728,13726.0,715.0,69.0,21829,13,No,0
729,7974.2,1234.0,90.0,5404,13,No,1
730,9821.6,788.0,36.0,8318,16,Yes,0
731,4107.0,124.0,35.0,13848,15,Yes,0
732,2681.4,921.0,66.0,25265,13,No,2
733,3209.0,192.0,59.0,11141,16,Yes,2
734,4305.6,802.0852348993288,67.0,19911,17,Yes,0
735,3597.0,477.0,49.0,6409,22,No,0
736,9165.2,852.0,72.0,2706,18,No,1
737,7981.2,1372.0,85.0,9489,13,Yes,0
738,4115.0,1329.0,61.0,13192,19,No,3
739,7119.6,150.0,60.0,17433,11,Yes,1
740,6272.0,802.0852348993288,79.0,12858,16,Yes,1
741,9689.4,802.0852348993288,57.0,20623,14,No,0
742,2517.0,1167.0,76.0,3208,11,Yes,3
743,5191.4,206.0,99.0,4022,14,No,0
744,6316.0,802.0852348993288,66.0,4297,17,Yes,1
745,11892.8,736.0,48.0,24232,11,Yes,1
746,5087.0,322.0,59.0,9731,11,Yes,1
747,3904.0,683.0,36.0,4050,12,Yes,0
748,5397.0,1475.0,97.0,22710,20,Yes,0
749,6760.8,560.0,91.0,20284,14,Yes,2
750,9204.0,802.0852348993288,97.0,23343,12,Yes,1
751,4373.0,802.0852348993288,54.0,17456,14,No,2
752,7391.2,115.0,51.0,17485,11,No,0
753,2064.0,802.0852348993288,46.0,15428,21,No,1
754,7349.0,507.0,97.0,24812,14,No,0
755,6293.4,575.0,44.0,24152,13,Yes,0
756,2430.0,802.0852348993288,98.0,26204,23,Yes,2
757,4831.4,888.0,71.0,14814,11,Yes,0
758,4877.0,580.0,39.0,20460,21,Yes,1
759,5040.8,671.0,85.0,26493,17,No,3
760,3760.0,567.0,32.0,17218,13,No,0
761,2013.0,311.0,77.0,10950,11,Yes,0
762,6566.2,148.0,42.0,23826,22,No,0
763,5113.8,1395.0,48.0,3458,15,No,0
764,6300.8,1278.0,31.0,7677,14,Yes,2
765,3801.6,581.0,62.0,17616,16,Yes,1
766,2974.0,1082.0,43.0,25412,17,No,1
767,3326.6,371.0,80.0,3840,13,No,1
768,2766.0,855.0,57.0,8952,22,Yes,3
769,8433.2,548.0,94.0,20520,20,Yes,2
770,3676.6,429.0,99.0,11092,12,Yes,3
771,11326.2,1181.0,82.0,5531,11,Yes,1
772,5799.6,1253.0,65.0,7914,21,Yes,0
773,3377.0,616.0,99.0,25605,17,Yes,1
774,4213.0,370.0,58.0,4992,15,Yes,0
775,6513.0,1194.0,52.0,9060,17,Yes,1
776,4920.8,572.0,46.0,9125,13,No,0
777,4356.0,355.0,38.0,6161,22,No,2
778,4758.6,1480.0,64.0,24444,13,Yes,3
779,4284.0,783.0,78.0,13588,22,Yes,1
780,2226.0,1354.0,41.0,6073,11,No,1
781,5561.0,682.0,71.0,15975,16,Yes,1
782,2144.0,1103.0,49.0,2122,14,Yes,0
783,5373.0,136.0,89.0,6225,12,No,1
784,2897.0,155.0,67.0,22474,11,No,2
785,8034.8,771.0,45.0,14120,12,Yes,0
786,5321.0,508.0,72.0,14284,11,No,1
787,5410.0,557.0,35.0,11189,17,Yes,1
788,2782.0,642.0,76.0,21412,22,Yes,1
789,7305.8,1382.0,85.0,13684,22,Yes,1
790,5905.2,1037.0,42.0,13422,12,Yes,0
791,7345.2,878.0,94.0,14255,12,Yes,2
792,6250.4,1120.0,100.0,14369,13,No,1
793,4850.0,374.0,50.0,23333,15,Yes,0
794,2001.0,1194.0,98.0,12549,14,Yes,3
795,6603.4,287.0,62.0,8952,12,Yes,1
796,6712.2,802.0852348993288,46.0,23679,13,No,1
797,4404.0,802.0852348993288,82.0,10228,12,Yes,0
798,6331.4,591.0,40.0,16632,12,No,1
799,5575.0,670.0,66.0281045751634,15170,17,Yes,1
800,8369.2,1346.0,93.0,8758,11,Yes,1
801,9612.0,103.0,50.0,12947,14,Yes,0
802,5074.8,334.0,80.0,15053,12,Yes,2
803,3944.0,371.0,45.0,4306,11,Yes,0
804,2815.2,673.0,96.0,8232,18,Yes,1
805,2960.0,699.0,83.0,17102,11,Yes,0
806,6533.2,802.0852348993288,72.0,4681,22,No,0
807,18947.0,705.0,83.0,22822,12,No,0
808,6465.0,1459.0,41.0,19121,13,No,0
809,2683.0,802.0852348993288,86.0,3810,14,Yes,0
810,2014.0,890.0,97.0,9687,13,Yes,0
811,3441.0,1434.0,50.0,11179,13,Yes,0
812,4078.0,1443.0,47.0,21436,19,No,1
813,5996.0,1142.0,30.0,16002,15,No,1
814,8356.0,664.0,79.0,5868,13,Yes,1
815,13664.0,397.0,30.0,25258,13,Yes,0
816,5021.0,802.0852348993288,80.0,10425,22,Yes,1
817,5427.6,1153.0,94.0,17736,15,Yes,0
818,6997.6,432.0,96.0,18725,23,Yes,2
819,8416.0,1353.0,33.0,17519,21,Yes,1
820,8521.2,489.0,66.0281045751634,25043,12,Yes,1
821,6712.2,807.0,63.0,23648,22,Yes,0
822,18844.0,1420.0,32.0,21922,21,No,1
823,3197.6,1280.0,66.0281045751634,26897,11,Yes,2
824,4739.0,957.0,72.0,16090,12,Yes,0
825,10545.6,809.0,77.0,6645,11,No,0
826,8854.0,542.0,71.0,24788,11,Yes,1
827,7707.8,216.0,84.0,2819,20,No,2
828,10650.0,1150.0,53.0,25150,15,No,0
829,4375.4,802.0852348993288,41.0,24835,18,No,0
830,4317.0,364.0,32.0,2302,20,No,0
831,6230.4,201.0,84.0,10415,14,Yes,1
832,6566.0,1256.0,80.0,11992,24,Yes,2
833,2024.0,691.0,57.0,5970,18,Yes,1
834,4863.0,440.0,42.0,6672,11,Yes,1
835,3058.0,1157.0,51.0,13364,16,Yes,1
836,8150.2,713.0,67.0,13939,18,Yes,1
837,6078.4,802.0852348993288,75.0,6319,12,Yes,0
838,3929.0,140.0,95.0,6984,23,Yes,1
839,11001.2,629.0,95.0,5711,15,Yes,0
840,8337.2,328.0,86.0,3425,15,No,1
841,4735.0,1084.0,66.0281045751634,26250,11,No,2
842,4425.0,802.0852348993288,37.0,15986,11,Yes,0
843,6259.8,472.0,60.0,9679,19,No,1
844,4406.0,905.0,99.0,16523,15,Yes,1
845,2328.0,1136.0,60.0,12392,16,No,1
846,6353.0,1151.0,63.0,14242,14,Yes,1
847,4174.8,644.0,66.0281045751634,12368,16,Yes,1
848,2657.0,1005.0,88.0,8556,11,Yes,0
849,4679.6,992.0,85.0,19757,14,No,0
850,5940.0,1147.0,52.0,17011,14,No,1
851,2622.0,147.0,47.0,13248,21,Yes,0
852,3212.0,1323.0,89.0,3300,15,Yes,0
853,6621.2,818.0,66.0281045751634,25657,17,No,0
854,6619.0,515.0,62.0,9571,14,Yes,0
855,5264.6,1431.0,96.0,15417,14,No,3
856,5617.2,976.0,100.0,12069,18,Yes,0
857,4201.0,1327.0,73.0,13523,12,Yes,1
858,2911.0,832.0,63.0,14776,13,Yes,1
859,3772.2,1199.0,77.0,5118,17,Yes,1
860,6182.6,916.0,82.0,23016,13,Yes,0
861,6931.0,1247.0,45.0,10732,14,No,1
862,3996.0,685.0,62.0,7505,12,No,2
863,2176.0,128.0,84.0,19737,13,No,0
864,7726.4,1158.0,94.0,2613,23,Yes,1
865,3230.0,996.0,100.0,10531,17,No,0
866,4270.8,728.0,80.0,11677,18,No,2
867,9438.2,688.0,82.0,18899,14,No,1
868,6353.0,1449.0,45.0,14180,13,No,1
869,18665.0,636.0,66.0281045751634,25594,11,Yes,0
870,2789.0,444.0,84.0,3909,11,Yes,1
871,4887.6,889.0,53.0,11411,12,No,3
872,6856.0,691.0,86.0,10077,12,Yes,1
873,6410.0,106.0,62.0,17822,12,No,0
874,6509.0,802.0852348993288,32.0,7747,18,Yes,1
875,4941.0,723.0,85.0,17747,15,No,0
876,4930.4,1157.0,84.0,24737,13,Yes,0
877,10378.6,1482.0,42.0,16375,11,No,1
878,3983.0,738.0,30.0,7621,17,Yes,0
879,6347.0,1192.0,61.0,23177,16,Yes,2
880,2904.0,1309.0,83.0,16092,12,No,2
881,2696.0,544.0,52.0,24017,11,No,1
882,4394.6,641.0,85.0,6069,12,No,1
883,2174.0,756.0,99.0,9150,11,Yes,0
884,6755.0,593.0,88.0,2967,11,Yes,0
885,10531.6,895.0,39.0,2851,24,Yes,0
886,2657.0,408.0,42.0,7551,16,Yes,0
887,5790.6,1283.0,54.0,18168,16,No,0
888,7492.0,1469.0,82.0,17881,11,Yes,1
889,10965.0,1261.0,31.0,12066,24,Yes,0
890,2543.0,329.0,96.0,11868,13,Yes,1
891,5304.0,1362.0,67.0,4652,13,Yes,0
892,11271.8,1371.0,77.0,5915,12,Yes,1
893,9556.2,201.0,66.0281045751634,20490,16,Yes,1
894,19406.0,821.0,86.0,8509,11,No,1
895,6538.0,1381.0,72.0,12740,15,Yes,1
896,2258.0,313.0,61.0,15238,20,Yes,1
897,6944.2,1473.0,74.0,2227,14,Yes,0
898,2218.0,329.0,98.0,16193,12,No,1
899,2998.0,688.0,91.0,9396,13,Yes,1
900,2654.0,192.0,69.0,9655,21,Yes,2
901,3687.0,1490.0,66.0281045751634,10310,13,No,0
902,6222.6,296.0,33.0,12253,16,Yes,1
903,5367.4,1349.0,90.0,3032,22,Yes,2
904,11935.0,986.0,93.0,21526,18,Yes,0
905,2546.0,408.0,71.0,18300,16,No,0
906,17861.0,1009.0,51.0,2288,13,No,0
907,4364.8,1125.0,94.0,11563,19,No,1
908,4625.4,413.0,57.0,18398,14,Yes,0
909,4402.4,988.0,43.0,11533,15,No,3
910,8069.6,1474.0,97.0,9260,17,Yes,1
911,3894.0,1368.0,99.0,9129,16,Yes,0
912,4262.0,232.0,34.0,22645,12,Yes,2
913,10527.0,1034.0,86.0,8984,11,Yes,0
914,6433.6,1474.0,66.0281045751634,23914,12,Yes,0
915,2400.0,802.0852348993288,38.0,5530,13,No,2
916,3681.0,538.0,54.0,14004,14,No,0
917,11001.2,622.0,81.0,5718,13,Yes,2
918,7492.0,1236.0,40.0,17997,11,Yes,1
919,2457.0,1112.0,50.0,26894,11,Yes,0
920,5624.0,204.0,31.0,2912,18,Yes,2
921,3447.0,1343.0,49.0,24444,11,Yes,0
922,19513.0,1315.0,35.0,9358,12,Yes,1
923,5467.8,802.0852348993288,69.0,12145,20,Yes,0
924,2659.0,991.0,71.0,17759,13,No,1
925,8847.0,913.0,48.0,13934,11,Yes,1
926,2045.0,1115.0,54.0,15174,13,Yes,0
927,10926.2,885.0,58.0,8544,16,No,1
928,4851.0,810.0,57.0,15678,22,No,1
929,8120.0,817.0,56.0,18597,12,Yes,0
930,4577.0,693.0,65.0,24785,14,Yes,0
931,5405.0,1179.0,84.0,11924,14,No,0
932,9217.6,316.0,54.0,9983,15,Yes,1
933,3708.0,381.0,49.0,2104,14,No,0
934,13770.0,217.0,49.0,10225,12,Yes,2
935,8053.4,933.0,57.0,20366,12,Yes,0
936,7446.4,775.0,47.0,23683,18,Yes,1
937,12780.6,804.0,86.0,22929,20,No,0
938,2297.0,1090.0,83.0,17967,14,No,2
939,2450.0,346.0,86.0,10919,17,No,0
940,12687.8,310.0,79.0,19630,18,No,0
941,8909.0,725.0,78.0,21199,13,No,1
942,10691.2,575.0,71.0,5288,14,Yes,1
943,5641.8,182.0,72.0,13551,16,No,0
944,4342.0,829.0,84.0,24008,19,Yes,1
945,2572.0,384.0,72.0,20317,16,Yes,1
946,10327.4,921.0,38.0,24375,21,Yes,2
947,6500.0,1111.0,93.0,13305,17,Yes,1
948,3149.0,1325.0,82.0,21821,20,Yes,1
949,5324.0,118.0,69.0,26507,15,No,0
950,4201.0,1258.0,40.0,13301,13,No,0
951,4382.0,890.0,66.0281045751634,16374,17,Yes,0
952,3981.6,1041.0,36.0,25527,13,Yes,1
953,2553.0,702.0,100.0,8306,16,Yes,0
954,6388.6,829.0,66.0281045751634,2243,19,No,1
955,5933.0,625.0,50.0,5197,12,Yes,0
956,4403.0,802.0852348993288,73.0,9250,11,Yes,1
957,10934.0,661.0,78.0,20715,18,No,1
958,6847.2,802.0852348993288,66.0281045751634,19146,22,No,2
959,6336.6,986.0,62.0,5044,24,No,1
960,2022.0,802.0852348993288,96.0,16612,19,Yes,1
961,4256.0,583.0,87.0,18154,12,No,0
962,3580.0,1418.0,36.0,10554,16,No,1
963,8097.4,1269.0,66.0281045751634,10778,17,No,0
964,2899.0,395.0,98.0,12102,19,Yes,1
965,7494.4,341.0,48.0,23522,19,No,3
966,5562.0,802.0852348993288,33.0,21782,13,Yes,1
967,10507.6,821.0,98.0,24252,14,No,0
968,5335.2,500.0,49.0,22052,13,Yes,0
969,9647.6,1454.0,65.0,13137,18,Yes,0
970,6675.8,617.0,34.0,10022,19,Yes,1
971,2377.0,995.0,77.0,9834,18,Yes,1
972,2404.0,1122.0,70.0,4303,21,Yes,0
973,2799.0,1198.0,100.0,3339,11,No,0
974,7469.0,188.0,65.0,23293,18,Yes,0
975,6529.0,1219.0,86.0,6179,16,Yes,0
976,6230.4,335.0,46.0,10322,22,No,0
977,3452.0,461.0,53.0,17241,18,No,0
978,2811.0,1134.0,37.0,12086,14,No,1
979,4572.8,138.0,48.0,11539,11,Yes,0
980,4377.0,1206.0,41.0,24117,15,No,2
981,6935.6,622.0,39.0,10074,24,No,1
982,12925.6,109.0,60.0,25725,17,Yes,0
983,4240.0,277.0,97.0,13119,13,Yes,0
984,7861.0,549.0,42.0,23371,14,No,0
985,4227.0,1055.0,47.0,4658,18,Yes,1
986,3917.0,802.0,45.0,9541,20,No,1
987,4969.0,265.0,79.0,21813,18,Yes,0
988,6792.8,1038.0,66.0281045751634,21437,19,No,0
989,2042.0,342.0,57.0,15346,14,Yes,1
990,2821.0,1186.0,44.0,2997,16,No,1
991,4892.4,430.0,40.0,21445,17,Yes,2
992,6317.0,769.0,54.0,17205,14,Yes,0
993,9957.0,1176.0,85.0,9096,15,No,1
994,11271.8,1277.0,87.0,5869,19,No,3
995,7529.2,1091.0,65.0,15813,18,Yes,1
996,9086.4,654.0,34.0,21214,15,Yes,1
997,2207.0,895.0,50.0,22482,16,Yes,1
998,7756.0,618.0,45.0,22266,17,Yes,0
999,4348.0,1017.0,55.0,2993,20,No,0
1000,5905.2,970.0,30.0,13401,17,No,1
1001,2070.0,984.0,70.0,25326,11,Yes,0
1002,2791.0,793.0,67.0,21981,12,Yes,1
1003,7890.6,1182.0,54.0,18500,11,Yes,1
1004,7447.8,1003.0,95.0,15834,11,Yes,0
1005,8224.0,603.0,77.0,18385,17,No,0
1006,2610.0,874.0,72.0,6233,12,Yes,1
1007,5731.0,367.0,52.0,17171,13,Yes,2
1008,2539.0,199.0,55.0,7950,13,Yes,1
1009,2376.0,802.0852348993288,66.0281045751634,26537,13,Yes,1
1010,10041.6,718.0,92.0,18575,13,Yes,1
1011,4617.8,1457.0,83.0,20100,19,Yes,1
1012,4381.8,805.0,87.0,12828,12,Yes,0
1013,7981.2,1421.0,30.0,9490,22,Yes,1
1014,19081.0,1450.0,52.0,10849,11,Yes,1
1015,2743.0,116.0,77.0,7331,20,Yes,1
1016,9657.0,1212.0,78.0,13755,11,No,1
1017,3760.0,1010.0,97.0,5598,15,Yes,3
1018,2681.4,802.0852348993288,45.0,25308,20,Yes,0
1019,4538.0,131.0,86.0,6039,12,Yes,0
1020,9914.0,791.0,44.0,6842,11,No,0
1021,3683.4,735.0,66.0,6020,14,No,0
1022,3867.0,193.0,52.0,14222,12,No,1
1023,2080.0,640.0,84.0,4732,11,No,0
1024,2096.0,266.0,40.0,18830,18,No,0
1025,5821.2,848.0,88.0,26076,12,Yes,2
1026,3904.0,802.0852348993288,93.0,22154,13,No,0
1027,4627.0,1138.0,48.0,23631,12,Yes,1
1028,7490.8,802.0852348993288,43.0,22422,11,Yes,0
1029,4743.2,256.0,40.0,22074,13,Yes,0
1030,2302.0,802.0852348993288,54.0,8319,11,No,0
1031,5433.4,935.0,89.0,14669,12,Yes,0
1032,9506.2,458.0,74.0,8532,16,Yes,1
1033,3142.6,882.0,67.0,9075,11,No,3
1034,7843.6,329.0,88.0,6762,22,Yes,1
1035,10327.4,802.0852348993288,82.0,24439,16,Yes,0
1036,5071.0,793.0,43.0,20392,20,No,0
1037,7063.6,662.0,67.0,23288,18,Yes,1
1038,9948.2,693.0,57.0,15748,11,Yes,3
1039,7050.2,802.0852348993288,98.0,21057,15,Yes,2
1040,10596.0,541.0,52.0,15395,11,Yes,0
1041,5467.0,1200.0,75.0,13953,14,No,2
1042,6760.8,499.0,36.0,20497,13,Yes,3
1043,3802.4,1372.0,93.0,12477,11,No,0
1044,5769.0,802.0852348993288,98.0,7100,11,Yes,0
1045,2394.0,802.0852348993288,51.0,25681,13,Yes,0
1046,3629.0,1462.0,94.0,19106,18,Yes,0
1047,9362.0,200.0,60.0,19944,11,Yes,0
1048,3229.0,949.0,81.0,4910,11,Yes,1
1049,5502.2,802.0852348993288,73.0,12761,14,Yes,2
1050,16422.0,182.0,93.0,8847,11,Yes,0
1051,5647.0,329.0,98.0,13494,13,No,2
1052,4400.0,383.0,68.0,15182,12,Yes,0
1053,2066.0,1255.0,90.0,10494,22,Yes,1
1054,8379.6,802.0852348993288,90.0,5561,12,Yes,0
1055,4930.4,1398.0,96.0,24609,18,Yes,0
1056,9003.2,523.0,94.0,21081,13,Yes,1
1057,5486.0,1221.0,96.0,24795,11,No,3
1058,3611.2,1107.0,52.0,3072,15,No,0
1059,3162.0,981.0,90.0,7973,14,No,0
1060,6651.0,1495.0,96.0,21534,14,Yes,1
1061,3420.0,1467.0,49.0,21158,13,No,0
1062,2909.0,1496.0,92.0,15747,15,No,1
1063,4436.0,1193.0,86.0,19719,18,Yes,0
1064,6534.8,1229.0,30.0,16143,16,Yes,0
1065,4898.0,467.0,55.0,11827,14,Yes,0
1066,4464.4,271.0,43.0,23070,25,Yes,1
1067,3180.0,410.0,97.0,4668,13,No,3
1068,11244.0,495.0,64.0,21072,25,Yes,0
1069,4896.2,561.0,33.0,4156,12,Yes,0
1070,4069.0,1142.0,72.0,8841,18,No,0
1071,5907.6,1157.0,70.0,17001,21,No,0
1072,6392.0,1242.0,46.0,10589,13,No,1
1073,5037.4,1288.0,33.0,17799,12,Yes,1
1074,4855.0,903.0,81.0,7653,11,No,2
1075,7326.4,1108.0,65.0,16530,12,Yes,1
1076,10400.4,1351.0,45.0,13008,17,Yes,1
1077,5053.2,437.0,90.0,16379,12,No,0
1078,6316.0,802.0852348993288,51.0,4223,16,Yes,0
1079,3870.8,977.0,45.0,12826,16,Yes,1
1080,4326.2,1302.0,80.0,19711,13,No,1
1081,5924.2,653.0,92.0,15332,14,No,1
1082,8987.8,457.0,85.0,10293,14,Yes,0
1083,3312.0,634.0,35.0,18783,17,Yes,2
1084,6273.2,715.0,54.0,21602,13,No,0
1085,4250.8,559.0,76.0,12421,12,Yes,2
1086,3117.0,546.0,97.0,26009,18,No,0
1087,7796.6,1176.0,66.0281045751634,5220,11,No,1
1088,8707.0,711.0,81.0,3140,13,Yes,0
1089,7883.2,448.0,84.0,19948,15,Yes,0
1090,15202.0,365.0,89.0,5602,25,Yes,1
1091,3654.8,763.0,59.0,22098,14,No,2
1092,6990.8,486.0,86.0,22490,17,No,0
1093,2580.0,591.0,87.0,6297,13,Yes,0
1094,2166.0,1329.0,66.0281045751634,3339,14,Yes,0
1095,8627.6,469.0,42.0,23413,11,Yes,0
1096,9138.6,711.0,42.0,22792,12,Yes,2
1097,8337.2,301.0,72.0,3498,16,Yes,2
1098,6252.2,1141.0,31.0,13251,19,Yes,0
1099,4374.0,894.0,33.0,15411,15,Yes,0
1100,5505.0,392.0,93.0,3921,14,Yes,2
1101,2587.0,802.0852348993288,74.0,24941,16,Yes,1
1102,15972.0,1225.0,47.0,21086,14,Yes,3
1103,7050.2,727.0,54.0,21082,11,Yes,0
1104,4441.6,1351.0,80.0,7419,14,No,2
1105,6165.8,528.0,44.0,4167,18,No,3
1106,6919.0,1441.0,94.0,23737,12,Yes,1
1107,10274.0,427.0,99.0,25103,21,No,1
1108,2305.0,390.0,62.0,6217,15,Yes,3
1109,3433.0,585.0,66.0281045751634,17360,13,Yes,1
1110,3477.0,741.0,69.0,18103,14,No,1
1111,6266.8,552.0,60.0,20794,19,No,1
1112,3907.0,506.0,91.0,3622,13,Yes,3
1113,7620.2,1456.0,96.0,8658,13,Yes,3
1114,9998.8,160.0,51.0,12862,13,No,0
1115,6388.6,897.0,59.0,2097,14,No,1
1116,8112.4,600.0,66.0281045751634,9732,11,No,1
1117,7241.8,1003.0,51.0,20943,19,Yes,1
1118,3445.0,1054.0,67.0,6152,11,No,0
1119,2760.0,428.0,66.0281045751634,14630,13,Yes,0
1120,6294.0,461.0,70.0,23060,12,No,0
1121,4896.2,661.0,60.0,22308,20,Yes,3
1122,6402.8,511.0,32.0,25353,12,Yes,0
1123,13116.0,942.0,53.0,22984,11,Yes,0
1124,12496.4,589.0,46.0,8800,14,No,2
1125,2681.4,849.0,98.0,25166,15,No,0
1126,10482.6,343.0,52.0,24978,13,Yes,0
1127,4275.2,802.0852348993288,85.0,15530,12,No,0
1128,7099.8,1125.0,66.0281045751634,8277,14,No,2
1129,3591.0,1217.0,67.0,12719,25,No,1
1130,5405.0,723.0,77.0,4244,20,Yes,2
1131,6505.4,1216.0,87.0,21624,14,Yes,0
1132,9476.2,350.0,56.0,3157,15,No,3
1133,2105.0,207.0,64.0,5411,12,No,0
1134,6230.4,280.0,43.0,10494,15,Yes,1
1135,5894.4,414.0,82.0,26186,12,Yes,0
1136,3902.0,802.0852348993288,41.0,5141,14,Yes,3
1137,2662.0,836.0,98.0,7975,20,No,1
1138,2062.0,592.0,59.0,19384,14,Yes,0
1139,11928.6,219.0,44.0,25388,11,No,0
1140,6792.4,967.0,85.0,14460,23,Yes,1
1141,2587.0,802.0852348993288,66.0281045751634,10261,16,Yes,0
1142,5507.0,335.0,33.0,16822,16,Yes,2
1143,5137.6,1079.0,86.0,20115,11,No,1
1144,8103.0,735.0,75.0,16495,12,Yes,0
1145,3978.0,471.0,62.0,16031,12,No,1
1146,5399.0,802.0852348993288,44.0,14511,12,Yes,0
1147,4164.8,1251.0,32.0,3987,19,No,1
1148,6440.0,1206.0,71.0,14293,19,No,2
1149,6269.8,976.0,48.0,3995,13,Yes,1
1150,10448.0,1168.0,66.0,5843,13,Yes,0
1151,4258.6,1444.0,66.0281045751634,5224,11,No,1
1152,4440.0,802.0852348993288,77.0,25198,19,No,0
1153,8170.4,571.0,78.0,13672,13,Yes,0
1154,3348.4,977.0,57.0,7298,19,Yes,1
1155,6540.8,1154.0,54.0,6393,19,Yes,1
1156,2660.0,1490.0,43.0,20232,11,Yes,1
1157,3375.0,581.0,63.0,17624,12,Yes,0
1158,11485.6,267.0,49.0,15919,13,No,0
1159,2269.0,234.0,68.0,18024,14,Yes,1
1160,7203.2,501.0,58.0,25479,11,Yes,0
1161,3518.0,688.0,97.0,9192,13,Yes,3
1162,4787.0,1092.0,36.0,26124,14,Yes,3
1163,3914.6,529.0,78.0,11288,14,Yes,0
1164,2809.0,1322.0,52.0,2725,14,Yes,0
1165,4930.4,1199.0,80.0,24594,14,No,2
1166,10854.0,410.0,39.0,16586,13,Yes,1
1167,8378.4,1167.0,30.0,21378,18,Yes,0
1168,2571.0,884.0,41.0,12290,17,No,1
1169,6142.0,155.0,87.0,5174,20,No,1
1170,2496.0,924.0,78.0,6670,11,No,0
1171,3419.0,852.0,82.0,13072,14,Yes,1
1172,2501.0,1082.0,87.0,18775,17,Yes,0
1173,6847.2,802.0852348993288,100.0,19299,14,Yes,1
1174,2566.0,1450.0,79.0,25326,15,Yes,1
1175,6016.0,134.0,90.0,10515,14,Yes,0
1176,3627.0,635.0,73.0,7703,13,Yes,0
1177,3920.0,1017.0,83.0,18697,14,Yes,1
1178,5076.2,1311.0,66.0281045751634,26062,20,Yes,0
1179,9784.2,1302.0,66.0281045751634,16321,18,Yes,1
1180,13964.0,1091.0,90.0,17810,12,Yes,0
1181,6540.0,755.0,97.0,19394,19,Yes,0
1182,2244.0,253.0,43.0,24440,13,No,1
1183,16184.0,922.0,95.0,22578,19,No,1
1184,4233.0,1365.0,46.0,11512,17,No,0
1185,9010.2,306.0,100.0,5630,14,Yes,2
1186,14814.0,970.0,59.0,13514,19,Yes,0
1187,3165.6,970.0,96.0,7360,11,Yes,0
1188,17159.0,802.0852348993288,94.0,5200,24,No,1
1189,8095.4,1169.0,63.0,23965,13,Yes,1
1190,6745.2,1271.0,35.0,9068,14,Yes,0
1191,2318.0,618.0,76.0,17808,19,Yes,0
1192,3617.0,1469.0,66.0281045751634,25063,14,Yes,1
1193,4927.0,625.0,46.0,14922,11,Yes,0
1194,5790.6,1404.0,84.0,18203,15,No,1
1195,2684.0,1391.0,66.0,12127,17,No,1
1196,6222.6,216.0,75.0,12278,11,Yes,1
1197,7783.8,1333.0,87.0,18410,19,No,1
1198,19237.0,1464.0,62.0,12853,11,No,1
1199,2377.0,1330.0,37.0,19373,20,No,1
1200,3654.8,773.0,39.0,22088,14,No,1
1201,5397.0,1485.0,79.0,22955,11,Yes,0
1202,4422.0,902.0,92.0,21203,13,Yes,1
1203,2552.0,645.0,54.0,7172,25,No,0
1204,2678.0,654.0,43.0,5050,17,Yes,0
1205,4572.8,107.0,84.0,11591,12,No,1
1206,5177.2,504.0,96.0,6148,25,Yes,0
1207,5171.0,326.0,48.0,16490,17,No,0
1208,11916.0,634.0,95.0,25927,23,No,2
1209,9380.0,1448.0,55.0,14720,18,Yes,2
1210,2580.8,896.0,68.0,8045,14,No,1
1211,5392.4,1358.0,96.0,2939,15,No,2
1212,6856.0,802.0852348993288,57.0,10036,14,No,3
1213,5878.0,824.0,67.0,15624,12,Yes,1
1214,2984.2,329.0,51.0,7324,17,No,3
1215,6522.0,1313.0,66.0281045751634,8191,12,Yes,0
1216,2468.0,594.0,75.0,15963,14,No,1
1217,8966.0,734.0,46.0,14218,17,Yes,1
1218,4402.4,234.0,93.0,6208,17,No,1
1219,4127.0,766.0,83.0,19188,18,No,1
1220,2148.0,920.0,69.0,6889,11,Yes,0
1221,9579.6,431.0,68.0,15696,15,No,1
1222,3886.0,1213.0,94.0,4223,21,Yes,0
1223,3292.2,238.0,47.0,15318,14,No,0
1224,6667.0,1146.0,66.0281045751634,16542,18,Yes,1
1225,5483.4,1404.0,32.0,18779,12,Yes,1
1226,6076.4,1313.0,59.0,20439,12,No,3
1227,2090.0,1373.0,92.0,2396,15,Yes,0
1228,3813.6,1324.0,81.0,9964,20,Yes,3
1229,4201.0,1358.0,67.0,13335,22,Yes,1
1230,3505.2,1123.0,96.0,7324,13,No,2
1231,9740.6,391.0,96.0,19281,14,Yes,0
1232,11133.6,125.0,83.0,16117,13,No,0
1233,2086.0,895.0,56.0,3335,14,Yes,1
1234,5864.4,813.0,61.0,3020,16,No,1
1235,1951.0,802.0852348993288,75.0,10910,12,Yes,1
1236,4279.2,1240.0,33.0,19715,13,No,1
1237,4823.2,1357.0,48.0,10558,12,No,0
1238,3022.0,802.0852348993288,73.0,10227,21,No,0
1239,4976.6,1229.0,36.0,4892,19,Yes,0
1240,5902.6,626.0,98.0,19294,13,No,0
1241,7255.6,1097.0,79.0,8302,13,Yes,1
1242,6744.4,836.0,66.0281045751634,19730,14,Yes,3
1243,9724.0,1339.0,59.0,18787,17,Yes,1
1244,3388.0,318.0,66.0281045751634,21777,17,Yes,1
1245,3038.0,132.0,55.0,22002,12,Yes,0
1246,6077.8,193.0,52.0,15067,14,No,0
1247,4434.4,111.0,70.0,18092,14,Yes,1
1248,2322.0,541.0,62.0,9518,13,No,1
1249,4081.0,827.0,71.0,15178,13,Yes,0
1250,2926.0,871.0,66.0,19783,18,No,0
1251,7529.2,1040.0,100.0,15850,14,No,1
1252,5404.2,802.0852348993288,59.0,23785,15,No,0
1253,4505.0,1031.0,45.0,15000,15,Yes,1
1254,2835.0,922.0,39.0,2561,22,No,1
1255,9482.2,528.0,66.0281045751634,26820,19,Yes,0
1256,7495.4,802.0852348993288,94.0,6961,21,Yes,1
1257,4451.0,802.0852348993288,79.0,16102,14,No,0
1258,9069.4,1169.0,34.0,13983,17,Yes,0
1259,7376.2,1145.0,75.0,11873,20,No,1
1260,8111.4,602.0,100.0,20989,21,Yes,0
1261,3783.8,303.0,66.0281045751634,9241,22,Yes,0
1262,4730.4,556.0,50.0,15497,13,Yes,0
1263,6553.0,1261.0,66.0281045751634,7259,14,No,0
1264,6673.0,1180.0,70.0,11354,19,No,0
1265,13591.0,896.0,75.0,14674,18,No,0
1266,2177.0,142.0,70.0,8456,17,Yes,1
1267,19517.0,854.0,68.0,24118,11,No,1
1268,4392.6,1411.0,36.0,19877,16,Yes,2
1269,19202.0,252.0,70.0,15970,11,No,1
1270,10048.0,504.0,61.0,22573,11,Yes,2
1271,2723.0,833.0,96.0,23231,11,Yes,0
1272,5211.4,529.0,79.0,14935,11,No,0
1273,6644.0,1210.0,78.0,3687,19,Yes,2
1274,7046.6,1463.0,64.0,14408,21,Yes,1
1275,5605.0,322.0,44.0,19191,24,No,1
1276,3161.0,920.0,43.0,19920,22,Yes,1
1277,5803.6,506.0,30.0,26285,12,Yes,0
1278,1420.0,802.0852348993288,54.0,25233,13,Yes,0
1279,5478.8,566.0,81.0,7122,18,Yes,2
1280,1200.0,812.0,69.0,9724,12,No,0
1281,5238.0,1162.0,41.0,17778,18,Yes,0
1282,9985.0,1001.0,43.0,9262,16,Yes,1
1283,6226.0,1309.0,99.0,25751,19,No,0
1284,15992.0,810.0,44.0,15901,14,No,0
1285,2370.0,1062.0,75.0,3956,13,Yes,1
1286,7511.4,530.0,91.0,23978,21,Yes,1
1287,6781.0,1332.0,98.0,17078,23,No,0
1288,6653.0,845.0,45.0,15276,15,Yes,0
1289,2851.0,350.0,34.0,9150,13,No,0
1290,5258.0,1144.0,30.0,16044,14,Yes,0
1291,14717.0,156.0,90.0,25422,15,No,0
1292,2476.0,202.0,72.0,17434,18,Yes,1
1293,2285.0,464.0,40.0,3427,23,No,0
1294,4197.0,1305.0,49.0,21123,12,Yes,0
1295,3448.0,555.0,78.0,13436,22,Yes,1
1296,4558.0,1300.0,79.0,13535,12,No,1
1297,1702.0,1490.0,42.0,12106,23,No,1
1298,2564.0,489.0,66.0281045751634,18437,12,Yes,0
1299,4743.2,210.0,56.0,22102,12,Yes,1
1300,5070.0,983.0,65.0,7389,13,Yes,3
1301,3780.0,548.0,42.0,23428,11,No,0
1302,9824.0,534.0,66.0,22908,12,Yes,0
1303,1878.0,1306.0,69.0,8059,14,No,0
1304,4597.0,1094.0,58.0,11373,15,Yes,1
1305,6316.0,775.0,45.0,4267,12,Yes,2
1306,2340.0,471.0,66.0,23213,18,Yes,0
1307,9899.2,1495.0,76.0,22174,19,Yes,1
1308,2127.0,823.0,94.0,9100,21,Yes,1
1309,2033.0,448.0,74.0,14470,18,Yes,1
1310,9602.0,558.0,75.0,3010,11,No,1
1311,4110.0,959.0,83.0,11757,13,Yes,0
1312,16627.0,782.0,50.0,2671,14,No,1
1313,5566.6,362.0,66.0281045751634,14561,17,Yes,0
1314,6076.4,1216.0,39.0,20431,12,No,0
1315,2083.0,160.0,71.0,22653,20,No,1
1316,4778.2,802.0852348993288,62.0,3487,14,No,1
1317,1009.0,1362.0,32.0,26999,11,Yes,0
1318,6240.8,727.0,41.0,16900,18,No,2
1319,4347.8,1225.0,80.0,15232,17,Yes,0
1320,7861.0,168.0,81.0,15397,14,Yes,0
1321,2642.0,1396.0,66.0281045751634,2755,11,No,0
1322,5416.4,1225.0,61.0,4761,11,Yes,1
1323,10664.4,268.0,92.0,20471,13,Yes,1
1324,5121.0,167.0,32.0,4187,14,Yes,1
1325,4879.4,1243.0,66.0281045751634,3445,21,No,2
1326,2694.0,1092.0,60.0,26551,11,No,3
1327,10166.0,805.0,36.0,6689,11,Yes,1
1328,5094.0,720.0,51.0,11983,14,Yes,0
1329,3595.0,802.0852348993288,52.0,20234,24,Yes,0
1330,2274.0,252.0,95.0,6153,14,Yes,0
1331,6331.4,443.0,50.0,16571,11,Yes,3
1332,9397.8,342.0,66.0,24558,19,Yes,2
1333,2314.0,300.0,61.0,9148,12,Yes,1
1334,11819.0,868.0,73.0,22789,14,Yes,1
1335,5032.6,1252.0,32.0,4814,13,No,0
1336,4227.8,374.0,87.0,18016,24,Yes,0
1337,2380.0,781.0,57.0,13384,14,Yes,1
1338,6566.2,177.0,55.0,23814,21,No,1
1339,6375.8,1427.0,65.0,8870,19,No,0
1340,2008.0,546.0,83.0,6896,14,Yes,2
1341,10552.0,1272.0,37.0,9255,13,No,1
1342,2259.0,802.0852348993288,51.0,5543,17,No,2
1343,4286.4,1184.0,70.0,3974,20,Yes,0
1344,2413.0,867.0,36.0,18798,18,No,3
1345,8444.2,658.0,67.0,20652,12,Yes,1
1346,2121.0,419.0,37.0,9947,13,No,0
1347,9612.0,129.0,84.0,13008,19,No,0
1348,5038.8,1069.0,42.0,12291,14,Yes,0
1349,2479.0,289.0,51.0,26227,24,No,0
1350,13194.0,1479.0,100.0,17071,16,Yes,0
1351,4797.6,906.0,92.0,11479,20,Yes,0
1352,4163.0,955.0,83.0,8571,17,No,0
1353,5641.8,287.0,73.0,13493,15,Yes,0
1354,2600.0,1097.0,98.0,18275,15,No,0
1355,18303.0,265.0,90.0,7770,13,Yes,0
1356,2380.0,804.0,64.0,20165,18,Yes,0
1357,4777.0,1141.0,61.0,14382,15,Yes,0
1358,3440.4,802.0852348993288,42.0,4981,12,No,0
1359,3081.2,660.0,81.0,7858,14,Yes,1
1360,1052.0,1144.0,74.0,23384,22,Yes,0
1361,4613.0,415.0,66.0281045751634,5268,13,Yes,1
1362,10222.6,1334.0,36.0,17258,13,Yes,0
1363,2461.0,1323.0,34.0,10332,12,No,3
1364,8208.2,309.0,88.0,24223,14,No,3
1365,2596.0,1009.0,45.0,7160,15,No,2
1366,4728.0,802.0852348993288,81.0,17251,14,Yes,0
1367,8719.6,697.0,40.0,22478,17,Yes,3
1368,7351.0,130.0,32.0,20619,16,Yes,0
1369,5087.0,188.0,56.0,9558,19,No,0
1370,5641.8,247.0,80.0,13556,12,Yes,0
1371,4766.0,167.0,46.0,9051,11,No,1
1372,2258.0,982.0,58.0,16340,12,Yes,1
1373,2827.0,862.0,76.0,14947,12,Yes,3
1374,2853.0,1256.0,48.0,4223,11,Yes,1
1375,2290.0,111.0,74.0,4279,13,Yes,0
1376,2107.0,906.0,95.0,20293,17,Yes,1
1377,2753.4,1184.0,62.0,25440,12,No,3
1378,2210.0,984.0,97.0,3372,13,Yes,1
1379,13191.0,458.0,60.0,23281,17,No,0
1380,8082.8,1098.0,85.0,12124,13,Yes,1
1381,7415.2,969.0,76.0,16620,11,Yes,0
1382,4171.6,1329.0,82.0,4204,11,Yes,2
1383,18265.0,715.0,76.0,8733,12,Yes,0
1384,11201.2,1320.0,89.0,21643,17,Yes,0
1385,8441.0,265.0,57.0,21221,12,Yes,0
1386,6255.0,373.0,47.0,16901,22,No,1
1387,1118.0,599.0,73.0,8040,14,Yes,0
1388,2372.0,603.0,78.0,5628,16,No,0
1389,2838.0,968.0,40.0,4257,14,No,0
1390,18061.0,364.0,66.0281045751634,13035,22,No,0
1391,8298.0,1291.0,98.0,6527,14,Yes,1
1392,1611.0,1124.0,97.0,19305,15,No,0
1393,4047.8,703.0,90.0,11882,14,Yes,0
1394,4451.0,802.0852348993288,50.0,16154,12,No,0
1395,3940.0,202.0,34.0,22262,12,No,0
1396,5705.4,1377.0,91.0,7679,14,No,0
1397,6061.8,592.0,54.0,17181,23,Yes,0
1398,4768.0,383.0,79.0,9282,12,No,1
1399,1274.0,990.0,66.0281045751634,7152,13,No,2
1400,2404.0,660.0,76.0,16192,13,Yes,1
1401,4836.2,381.0,89.0,16998,11,No,0
1402,2033.0,830.0,78.0,7103,13,Yes,1
1403,2561.0,289.0,66.0281045751634,5355,11,Yes,0
1404,1563.0,1423.0,72.0,12530,14,No,1
1405,6388.0,516.0,69.0,22049,17,Yes,0
1406,8376.0,1089.0,32.0,9150,18,No,0
1407,4841.0,1210.0,68.0,24052,14,Yes,1
1408,6464.4,598.0,91.0,22376,18,No,2
1409,8403.0,992.0,68.0,21731,19,No,0
1410,2074.0,104.0,69.0,26619,12,Yes,1
1411,2972.0,479.0,35.0,22061,13,No,0
1412,3676.6,474.0,89.0,11133,21,Yes,0
1413,6815.0,884.0,73.0,21447,13,Yes,0
1414,12687.8,264.0,59.0,19519,16,No,1
1415,4484.4,1059.0,93.0,26362,22,No,0
1416,2690.0,1349.0,63.0,7713,18,No,1
1417,17567.0,563.0,56.0,3156,15,No,0
1418,1569.0,544.0,70.0,18420,12,Yes,0
1419,4187.0,991.0,43.0,3356,13,Yes,1
1420,7190.6,1112.0,67.0,22589,11,Yes,2
1421,6497.8,1206.0,80.0,11591,16,Yes,0
1422,3306.0,1495.0,87.0,26176,19,Yes,1
1423,1393.0,1259.0,95.0,24852,12,Yes,0
1424,10883.0,802.0852348993288,92.0,20467,20,No,1
1425,4572.8,240.0,58.0,11585,11,Yes,1
1426,7863.2,369.0,92.0,5041,16,Yes,1
1427,2862.0,793.0,33.0,3811,12,Yes,1
1428,4112.0,543.0,87.0,3536,11,Yes,1
1429,6735.0,964.0,66.0281045751634,12147,15,No,0
1430,9756.0,176.0,56.0,6595,21,Yes,2
1431,8722.0,181.0,97.0,5586,14,No,3
1432,8233.8,211.0,74.0,10092,20,Yes,0
1433,5170.2,1079.0,70.0,19002,13,Yes,3
1434,6675.8,590.0,91.0,10007,13,Yes,1
1435,5294.0,305.0,58.0,9128,16,No,1
1436,7339.4,833.0,60.0,24539,16,Yes,1
1437,2437.0,807.0,38.0,15587,16,No,1
1438,7005.0,478.0,60.0,19805,12,No,3
1439,4234.8,337.0,31.0,4567,13,Yes,0
1440,6534.8,1294.0,79.0,15999,17,Yes,0
1441,4071.0,1239.0,89.0,12832,13,Yes,0
1442,11157.0,1128.0,95.0,5696,18,No,2
1443,6332.0,1431.0,33.0,8018,16,Yes,0
1444,2956.0,359.0,89.0,21495,17,Yes,0
1445,13129.0,430.0,73.0,19573,22,Yes,1
1446,4648.0,1318.0,79.0,26075,13,Yes,0
1447,8825.8,726.0,93.0,21143,17,No,2
1448,9205.8,1142.0,66.0281045751634,13624,13,Yes,0
1449,2804.0,352.0,87.0,15434,11,Yes,0
1450,2439.0,802.0852348993288,73.0,14753,24,No,0
1451,2856.0,1172.0,78.0,3692,19,Yes,1
1452,5112.0,945.0,89.0,16019,13,No,0
1453,7480.2,391.0,75.0,26092,23,Yes,0
1454,2933.0,482.0,90.0,14908,13,No,1
1455,3576.2,170.0,78.0,9364,15,Yes,1
1456,1091.0,746.0,45.0,10642,17,Yes,0
1457,4256.4,1475.0,84.0,23352,11,Yes,0
1458,6076.4,1443.0,89.0,20328,16,Yes,1
1459,5151.0,867.0,87.0,12315,25,Yes,1
1460,4736.4,605.0,72.0,11761,13,Yes,1
1461,6416.4,419.0,77.0,2900,12,No,2
1462,2863.0,1337.0,58.0,19555,12,No,0
1463,2858.0,1404.0,59.0,11473,14,Yes,0
1464,3980.0,1373.0,56.0,10138,24,Yes,0
1465,1129.0,1276.0,59.0,17536,11,Yes,3
1466,12615.6,309.0,82.0,19655,14,No,0
1467,4162.0,543.0,83.0,4060,19,Yes,2
1468,19431.0,105.0,87.0,15302,13,No,0
1469,8808.0,638.0,33.0,26956,19,No,1
1470,7848.6,1146.0,31.0,16642,16,No,0
1471,2308.0,1440.0,55.0,4944,25,Yes,1
1472,2144.0,1103.0,49.0,2122,14,No,0
1473,5373.0,136.0,89.0,6225,12,No,1
1474,5924.8,147.0,94.0,3465,12,Yes,1
1475,6958.0,119.0,76.0,9647,12,Yes,2
1476,7455.2,1413.0,42.0,6599,14,Yes,1
1477,19045.0,452.0,81.0,18938,14,Yes,0
1478,16015.0,334.0,88.0,15896,19,Yes,0
1479,9613.0,1132.0,48.0,10942,17,Yes,3
1480,11510.0,802.0852348993288,92.0,15682,14,Yes,1
1481,5715.8,982.0,66.0281045751634,4345,11,Yes,1
1482,4306.0,480.0,31.0,4156,12,Yes,1
1483,17046.0,1099.0,88.0,9314,15,Yes,1
1484,6792.8,1038.0,88.0,21437,19,No,0
1485,2042.0,342.0,57.0,15346,14,Yes,1
1486,2821.0,1186.0,44.0,2997,16,No,1
1487,4892.4,430.0,40.0,21445,17,Yes,2
1488,2070.0,984.0,70.0,25326,11,Yes,0
1489,2791.0,793.0,67.0,21981,12,No,1
1490,7890.6,1182.0,54.0,18500,11,Yes,1
1491,7447.8,1003.0,95.0,15834,11,Yes,0
1492,8224.0,603.0,77.0,18385,17,Yes,0
1493,2610.0,874.0,72.0,6233,12,No,1
1494,5731.0,367.0,52.0,17171,13,No,2
1495,2539.0,199.0,55.0,7950,13,No,1
1496,2376.0,802.0852348993288,47.0,26537,13,Yes,1
1497,10041.6,718.0,92.0,18575,13,No,1
1498,4617.8,1457.0,83.0,20100,19,Yes,1
1499,3539.0,244.0,97.0,5033,13,Yes,0
1500,5468.0,196.0,91.0,13402,14,Yes,2
1501,5813.0,303.0,84.0,13492,18,Yes,0
1502,7143.8,1180.0,90.0,24442,14,No,1
1503,9667.0,1092.0,64.0,2739,14,No,0
1504,3209.0,261.0,66.0,10842,22,No,1
1505,5154.0,589.0,67.0,19665,22,Yes,2
1506,5675.0,1422.0,92.0,19246,20,No,1
1507,7314.0,802.0852348993288,64.0,14011,21,No,3
1508,4802.4,1137.0,98.0,18991,11,Yes,1
1509,8808.0,511.0,89.0,26997,14,Yes,0
1510,4844.2,1396.0,83.0,14842,13,No,1
1511,3626.0,1096.0,61.0,7102,18,Yes,1
1512,7749.8,802.0852348993288,42.0,19255,12,Yes,1
1513,6856.0,691.0,86.0,10077,12,Yes,1
1514,6410.0,106.0,62.0,17822,12,Yes,0
1515,6509.0,802.0852348993288,32.0,7747,18,Yes,1
1516,4941.0,723.0,85.0,17747,15,No,0
1517,4930.4,1157.0,84.0,24737,13,Yes,0
1518,10378.6,1482.0,42.0,16375,11,Yes,1
1519,3983.0,738.0,30.0,7621,17,No,0
1520,6347.0,1192.0,61.0,23177,16,No,2
1521,2904.0,1309.0,83.0,16092,12,No,2
1522,2696.0,544.0,52.0,24017,11,Yes,1
1523,4394.6,641.0,85.0,6069,12,Yes,1
1524,2174.0,756.0,99.0,9150,11,No,0
1525,6755.0,593.0,88.0,2967,11,No,0
1526,10531.6,895.0,39.0,2851,24,Yes,0
1527,2657.0,408.0,42.0,7551,16,No,0
1528,5790.6,1283.0,54.0,18168,16,Yes,0
1529,7492.0,1469.0,82.0,17881,11,Yes,1
1530,10965.0,1261.0,31.0,12066,24,No,0
1531,2543.0,329.0,96.0,11868,13,Yes,1
1532,5304.0,1362.0,67.0,4652,13,Yes,0
1533,11271.8,1371.0,77.0,5915,12,Yes,1
1534,9556.2,201.0,95.0,20490,16,Yes,1
1535,19406.0,821.0,86.0,8509,11,Yes,1
1536,6538.0,1381.0,72.0,12740,15,Yes,1
1537,2258.0,313.0,61.0,15238,20,Yes,1
1538,6944.2,1473.0,74.0,2227,14,Yes,0
1539,2218.0,329.0,98.0,16193,12,Yes,1
1540,2998.0,688.0,91.0,9396,13,Yes,1
1541,2654.0,192.0,69.0,9655,21,Yes,2
1542,4441.6,1385.0,79.0,7501,14,Yes,0
1543,6378.0,666.0,88.0,10268,12,No,1
1544,5091.6,1315.0,71.0,19100,18,Yes,1
1545,10169.6,442.0,44.0,20260,18,Yes,0
1546,11133.6,147.0,37.0,15972,19,Yes,1
1547,5828.0,950.0,48.0,8450,12,Yes,0
1548,6222.6,218.0,100.0,12241,11,No,1
1549,2455.0,802.0852348993288,33.0,10675,19,No,0
1550,5483.8,691.0,73.0,7143,12,Yes,3
1551,5055.0,1018.0,74.0,10557,16,No,0
1552,4682.0,802.0852348993288,46.0,4317,14,Yes,0
1553,5257.0,559.0,82.0,6227,11,No,1
1554,2119.0,318.0,77.0,4759,11,Yes,0
1555,5083.2,1130.0,56.0,3415,18,Yes,1
1556,4572.8,144.0,39.0,11866,14,Yes,2
1557,5974.0,1319.0,51.0,17001,13,Yes,2
1558,3443.4,933.0,57.0,20156,17,No,1
1559,7190.6,1171.0,46.0,22495,13,Yes,1
1560,5087.0,143.0,56.0,9558,18,Yes,0
1561,4844.2,1178.0,87.0,14862,11,No,1
1562,3034.0,1107.0,95.0,26914,12,No,1
1563,13212.0,906.0,86.0,18256,11,Yes,3
1564,8392.0,645.0,49.0,19566,16,Yes,1
1565,5112.4,1485.0,87.0,26314,14,No,1
1566,4233.4,1116.0,49.0,7181,14,Yes,0
1567,6440.0,1276.0,66.0281045751634,14295,12,Yes,0
1568,4051.0,163.0,37.0,19658,14,Yes,1
1569,4805.0,561.0,61.0,16177,19,No,1
1570,2741.0,426.0,58.0,22808,11,Yes,1
1571,5613.4,509.0,62.0,2112,17,Yes,0
1572,5337.0,258.0,74.0,19921,12,No,0
1573,4355.8,525.0,66.0,6219,22,Yes,2
1574,6003.6,802.0852348993288,72.0,19627,13,Yes,1
1575,2960.0,238.0,34.0,7507,20,No,0
1576,9434.0,482.0,36.0,9606,15,Yes,1
1577,4626.6,397.0,88.0,6729,15,No,1
1578,5667.2,243.0,46.0,7791,20,Yes,0
1579,5355.0,806.0,66.0281045751634,18959,18,Yes,1
1580,8416.0,1442.0,46.0,17654,14,Yes,0
1581,10586.2,408.0,80.0,20978,11,No,0
1582,5396.0,929.0,55.0,21703,12,Yes,0
1583,9253.0,827.0,33.0,19383,13,No,0
1584,2929.4,802.0852348993288,68.0,6009,11,No,0
1585,11159.0,1018.0,39.0,19373,15,No,0
1586,4960.0,703.0,42.0,11825,12,No,0
1587,8793.0,294.0,32.0,4809,21,Yes,2
1588,19189.0,314.0,59.0,19562,12,No,1
1589,2216.0,654.0,67.0,3872,13,Yes,0
1590,11713.0,427.0,63.0,20335,14,No,1
1591,5304.0,501.0,99.0,25275,23,No,1
1592,11103.0,802.0852348993288,81.0,20420,11,Yes,0
1593,6632.0,954.0,46.0,12388,13,Yes,0
1594,7587.0,1434.0,76.0,14229,15,Yes,0
1595,4335.0,657.0,66.0,25549,12,Yes,1
1596,5980.0,240.0,75.0,26085,12,No,0
1597,4244.0,791.0,38.0,9931,24,Yes,1
1598,4272.0,570.0,66.0,16225,13,Yes,1
1599,5228.0,676.0,35.0,23361,15,Yes,1
1600,2700.0,802.0852348993288,81.0,23779,24,No,1
1601,4375.6,436.0,37.0,21519,16,Yes,0
1602,3982.6,760.0,81.0,3698,20,No,0
1603,2366.0,802.0852348993288,88.0,20898,14,Yes,1
1604,3556.4,661.0,61.0,7508,13,No,0
1605,5375.2,1085.0,66.0281045751634,17725,13,Yes,1
1606,2329.0,154.0,66.0281045751634,11737,15,Yes,0
1607,4294.0,1283.0,52.0,11148,12,Yes,0
1608,6428.2,616.0,41.0,17369,11,Yes,2
1609,6725.0,498.0,93.0,13554,12,Yes,1
1610,10325.0,530.0,51.0,5518,11,No,1
1611,4447.0,805.0,57.0,23163,12,Yes,0
1612,9123.6,903.0,41.0,2560,18,Yes,0
1613,6292.4,1229.0,84.0,25952,13,Yes,2
1614,10845.0,566.0,75.0,24208,13,No,1
